video_id,publish_time,views,likes,dislikes,comment_count,new_views,views_change
2kyS6SvSYSE,2017-11-13T17:13:01.000Z,2564903.0,96321.0,7972.0,22149.0,2921829.0,356926.0
1ZAPwfrtAFY,2017-11-13T07:30:00.000Z,6109402.0,151250.0,11508.0,19820.0,11506464.0,5397062.0
5qpjK5DgCt4,2017-11-12T19:05:24.000Z,5315471.0,187303.0,7278.0,9990.0,14108548.0,8793077.0
puqaWrEC7tY,2017-11-13T11:00:04.000Z,913268.0,16729.0,1386.0,2988.0,1236563.0,323295.0
d380meD0W0M,2017-11-12T18:01:41.000Z,2819118.0,153395.0,2416.0,20573.0,4171370.0,1352252.0
gHZ1Qz0KiKM,2017-11-13T19:07:23.000Z,1038365.0,22594.0,2798.0,3142.0,1855425.0,817060.0
39idVpFF7NQ,2017-11-12T05:37:17.000Z,2688797.0,19042.0,3059.0,2689.0,3969151.0,1280354.0
nc99ccSXST0,2017-11-12T21:50:37.000Z,1251577.0,28951.0,1146.0,2606.0,2020059.0,768482.0
jr9QtXwC9vc,2017-11-13T14:00:23.000Z,2671756.0,12699.0,505.0,1010.0,17981989.0,15310233.0
TUmyygCMMGA,2017-11-13T13:45:16.000Z,635985.0,20721.0,2417.0,4111.0,1182146.0,546161.0
9wRQljFNDW8,2017-11-13T02:05:26.000Z,81377.0,655.0,25.0,177.0,113501.0,32124.0
VifQlJit6A0,2017-11-13T03:00:00.000Z,230403.0,2413.0,581.0,2002.0,293646.0,63243.0
5E4ZBSInqUU,2017-11-13T17:00:00.000Z,5468928.0,247884.0,5025.0,14903.0,52870676.0,47401748.0
GgVmn66oK_A,2017-11-12T14:00:00.000Z,789594.0,10203.0,1561.0,3551.0,1756386.0,966792.0
TaTleo4cOs8,2017-11-12T18:30:01.000Z,301738.0,8634.0,332.0,2027.0,852338.0,550600.0
kgaO45SyaO4,2017-11-13T20:09:58.000Z,5531707.0,72727.0,3362.0,14816.0,11923400.0,6391693.0
ZAQs-ctOqXQ,2017-11-12T17:00:05.000Z,371683.0,9600.0,750.0,1282.0,401305.0,29622.0
YVfyYrEmzgM,2017-11-13T16:00:07.000Z,380111.0,12095.0,128.0,643.0,757128.0,377017.0
eNSN6qet1kE,2017-11-13T15:30:17.000Z,429830.0,22885.0,141.0,3403.0,1597067.0,1167237.0
B5HORANmzHw,2017-11-12T22:00:01.000Z,286577.0,9606.0,248.0,1196.0,400239.0,113662.0
vU14JY3x81A,2017-11-13T14:00:03.000Z,538546.0,19822.0,245.0,6479.0,1622164.0,1083618.0
6VhU_T463sU,2017-11-12T15:00:01.000Z,343273.0,4503.0,182.0,266.0,566927.0,223654.0
_-aDHxoblr4,2017-11-13T16:00:03.000Z,338085.0,17626.0,167.0,1418.0,426248.0,88163.0
JBZTZZAcFTw,2017-11-12T16:00:01.000Z,237111.0,2323.0,786.0,636.0,893553.0,656442.0
lZ68j2J_GOM,2017-11-13T14:44:24.000Z,152001.0,9020.0,244.0,360.0,596406.0,444405.0
dRpNZV18N_g,2017-11-12T14:00:04.000Z,324024.0,10288.0,274.0,1586.0,928404.0,604380.0
fcVjitaM3LY,2017-11-13T12:13:36.000Z,188957.0,7394.0,75.0,680.0,373028.0,184071.0
qeWvgZLz9yU,2017-11-13T16:00:03.000Z,265799.0,14179.0,384.0,1727.0,499218.0,233419.0
iIxy3JN3-jc,2017-11-13T15:42:28.000Z,87403.0,285.0,128.0,175.0,89420.0,2017.0
U0hAC8O7RoI,2017-11-13T01:43:12.000Z,1694708.0,43997.0,6027.0,3608.0,7711195.0,6016487.0
n1WpP7iowLc,2017-11-10T17:00:03.000Z,26448434.0,911883.0,53873.0,127481.0,59475701.0,33027267.0
hz7ukDjuq4w,2017-11-12T23:41:37.000Z,147851.0,5319.0,171.0,739.0,417310.0,269459.0
p2hJxyF7mok,2017-11-12T05:55:42.000Z,472936.0,2867.0,185.0,467.0,1729943.0,1257007.0
0mlNzVSJrT0,2017-04-21T06:47:32.000Z,122634.0,2908.0,210.0,595.0,155461.0,32827.0
Om_zGhJLZ5U,2017-11-12T18:00:03.000Z,288922.0,7515.0,792.0,2111.0,425342.0,136420.0
e_7zHm7GsYc,2017-11-13T15:01:18.000Z,112866.0,3643.0,112.0,137.0,722675.0,609809.0
dQvIbulWCM4,2017-11-12T23:41:48.000Z,900779.0,47602.0,1876.0,3796.0,1655856.0,755077.0
zZ9FciUx6gs,2017-11-13T15:31:44.000Z,459969.0,16399.0,822.0,1226.0,1528661.0,1068692.0
PaJCFHXcWmM,2017-11-13T17:00:04.000Z,441712.0,12162.0,482.0,6058.0,2720333.0,2278621.0
goP4Z5wyOlM,2017-11-12T21:16:40.000Z,34785.0,308.0,26.0,413.0,44161.0,9376.0
NZFhMSgbKKM,2017-11-13T15:11:00.000Z,22302.0,83.0,75.0,63.0,23914.0,1612.0
0tO_l_Ed5Rs,2017-11-11T16:00:01.000Z,393265.0,16805.0,19201.0,8480.0,576535.0,183270.0
STI2fI7sKMo,2017-11-11T15:00:03.000Z,352770.0,4782.0,1838.0,741.0,478883.0,126113.0
BWPrk9PUwQE,2017-11-12T00:45:54.000Z,1856410.0,38114.0,2049.0,2768.0,2769270.0,912860.0
ogYum4kWXgk,2017-11-13T13:00:06.000Z,195143.0,5171.0,69.0,239.0,372012.0,176869.0
sbcbvuitiTc,2017-11-10T18:23:05.000Z,1015189.0,2133.0,2483.0,1465.0,1083577.0,68388.0
zNqCVTs38nU,2017-11-13T02:15:30.000Z,47760.0,132.0,77.0,41.0,50328.0,2568.0
DM-ni_LSOFE,2017-11-10T23:05:25.000Z,2374251.0,49509.0,3038.0,8545.0,3948184.0,1573933.0
0PpNlNJ6Nng,2017-11-11T19:03:43.000Z,2083918.0,106243.0,1461.0,12707.0,5552367.0,3468449.0
c-3JxzN2u34,2017-11-12T15:05:55.000Z,10541.0,261.0,7.0,19.0,15610.0,5069.0
069D0NmW39o,2017-11-11T15:00:00.000Z,1155622.0,16060.0,883.0,1018.0,2063378.0,907756.0
9t9u_yPEidY,2017-11-10T15:00:00.000Z,17679753.0,248909.0,21039.0,13058.0,80566957.0,62887204.0
KODzih-pYlU,2017-11-11T18:08:04.000Z,218186.0,7773.0,230.0,443.0,287906.0,69720.0
8NHA23f7LvU,2017-11-10T19:06:23.000Z,1496225.0,16116.0,236.0,605.0,4763376.0,3267151.0
w0XYVssCKjw,2017-11-11T20:00:02.000Z,194930.0,6466.0,139.0,536.0,415144.0,220214.0
pjuPpVLXDQg,2017-11-13T00:46:11.000Z,100120.0,154.0,15.0,48.0,335917.0,235797.0
9xSx-5tmq44,2017-11-11T06:34:48.000Z,312769.0,8665.0,360.0,966.0,350728.0,37959.0
4v0nOAzcG2A,2017-11-11T15:38:32.000Z,300601.0,10497.0,382.0,991.0,610955.0,310354.0
oTObwUiXdYY,2017-11-13T15:44:35.000Z,33761.0,149.0,45.0,222.0,35583.0,1822.0
1cgK-BIrXes,2017-11-10T15:07:13.000Z,849499.0,27121.0,2042.0,5181.0,1050342.0,200843.0
ujyTQNNjjDU,2017-11-10T05:00:01.000Z,5159763.0,146732.0,4515.0,7048.0,24357236.0,19197473.0
PABlVzeldaM,2017-11-12T13:13:33.000Z,256760.0,782.0,98.0,793.0,304848.0,48088.0
6340tX9M_eM,2017-11-10T19:00:00.000Z,629166.0,8985.0,463.0,1030.0,1071725.0,442559.0
8mhTWqWlQzU,2017-11-11T01:19:33.000Z,3031863.0,121285.0,1186.0,6852.0,7163516.0,4131653.0
t4YAyT4ihIQ,2017-11-10T18:30:01.000Z,3913682.0,129182.0,8991.0,5531.0,13333157.0,9419475.0
MNiweoKXwfg,2017-11-13T17:00:26.000Z,20529.0,318.0,11.0,41.0,63339.0,42810.0
Jw1Y-zhQURU,2017-11-10T07:38:29.000Z,8041928.0,60434.0,11437.0,7545.0,10029195.0,1987267.0
2Vv-BfVoq4g,2017-11-09T11:04:14.000Z,43449654.0,1788960.0,24548.0,93428.0,1382346431.0,1338896777.0
UFYCTJlayS4,2017-11-11T03:56:10.000Z,59168.0,2412.0,193.0,274.0,95169.0,36001.0
cccyOn99s4Y,2017-11-10T23:00:01.000Z,82713.0,3124.0,151.0,250.0,134121.0,51408.0
abGCYPCk294,2017-11-11T17:55:27.000Z,45236.0,1581.0,110.0,911.0,47115.0,1879.0
lY_0mkYDZDU,2017-11-10T17:00:05.000Z,403887.0,20780.0,643.0,1739.0,2393566.0,1989679.0
k8NxqyGcZA4,2017-11-10T12:59:55.000Z,277614.0,2609.0,5622.0,2337.0,330982.0,53368.0
IE-xepGLVt8,2017-11-10T12:04:17.000Z,237307.0,1896.0,74.0,260.0,807793.0,570486.0
ObIQ0s02UHg,2017-11-10T14:40:48.000Z,2954882.0,52519.0,2453.0,1948.0,18673507.0,15718625.0
cOc3tsFWoRs,2017-11-10T09:35:00.000Z,1497519.0,15504.0,353.0,1084.0,4092809.0,2595290.0
AJYb0Yom5UQ,2017-10-17T20:01:44.000Z,172587.0,379.0,49.0,199.0,177632.0,5045.0
gLswXiRLdkA,2017-11-11T02:42:23.000Z,525210.0,24412.0,1259.0,1847.0,1054219.0,529009.0
MyEqfBkzESU,2017-11-10T20:40:44.000Z,390261.0,9474.0,3091.0,3207.0,3029460.0,2639199.0
wJYE0sFOteE,2017-11-10T16:01:04.000Z,99019.0,2404.0,40.0,135.0,344329.0,245310.0
L_5_slz4ke4,2017-11-12T20:26:46.000Z,11156.0,86.0,22.0,74.0,14758.0,3602.0
OKoL852K9uA,2017-11-11T05:23:36.000Z,122772.0,3912.0,298.0,403.0,184445.0,61673.0
pa_oUisZZy0,2017-11-11T00:30:16.000Z,243412.0,7782.0,104.0,340.0,2750864.0,2507452.0
fNtLIcyjsnI,2017-11-09T17:11:32.000Z,2122489.0,20085.0,1104.0,1321.0,6971424.0,4848935.0
_Iz83-Cmt6A,2017-11-09T22:23:51.000Z,58135.0,519.0,69.0,65.0,195886.0,137751.0
YlvCVbfS9M0,2017-11-11T15:11:18.000Z,935744.0,37129.0,622.0,2673.0,1466792.0,531048.0
arJ5h2TY3I4,2017-11-10T17:00:51.000Z,1233722.0,115781.0,1615.0,9706.0,4534568.0,3300846.0
-2RVw2_QyxQ,2017-11-12T02:39:01.000Z,71089.0,460.0,27.0,20.0,82165.0,11076.0
gEHCXl4J9Qo,2017-11-10T02:32:15.000Z,2720774.0,76529.0,1960.0,3599.0,4113434.0,1392660.0
-OK9i1_YYYc,2017-11-12T00:18:43.000Z,46260.0,2286.0,35.0,17.0,48339.0,2079.0
b4vTZx_AtHk,2017-11-09T18:36:48.000Z,2291077.0,102726.0,12794.0,11941.0,3702521.0,1411444.0
kOnQocd799Y,2017-11-09T17:14:11.000Z,2844271.0,60500.0,3667.0,8122.0,5608147.0,2763876.0
e4FApt6z55c,2017-11-10T15:43:00.000Z,226659.0,9725.0,400.0,1027.0,2299566.0,2072907.0
2XK4omx9uMU,2017-11-10T14:40:32.000Z,1354030.0,57838.0,512.0,1257.0,17103992.0,15749962.0
xfmipNU4Odc,2017-11-10T18:02:04.000Z,339256.0,17267.0,85.0,948.0,1805322.0,1466066.0
jp9hK-jY6yY,2017-11-09T22:21:13.000Z,3680540.0,216119.0,3570.0,20544.0,7988644.0,4308104.0
RkHuWjiR-LM,2017-11-10T18:03:54.000Z,241314.0,15071.0,186.0,1011.0,2179530.0,1938216.0
fCTKDn3Q8xQ,2017-11-09T11:24:14.000Z,1185773.0,45513.0,1378.0,4794.0,3144199.0,1958426.0
DIU3xPdhCBI,2017-11-09T22:26:10.000Z,1262652.0,28119.0,1047.0,1113.0,4566618.0,3303966.0
wnwF1FHybDQ,2017-11-10T11:00:04.000Z,225286.0,1731.0,193.0,206.0,712273.0,486987.0
9oFP-pOMNwE,2017-11-09T08:01:40.000Z,271685.0,3330.0,854.0,0.0,621801.0,350116.0
pz95u3UVpaM,2017-11-10T05:01:00.000Z,5476737.0,286268.0,4083.0,12254.0,119056083.0,113579346.0
g5c1bk8weaQ,2017-11-10T03:43:43.000Z,3741812.0,314872.0,2647.0,12114.0,5549617.0,1807805.0
yuBqWcSKrCk,2017-11-10T14:00:10.000Z,304926.0,3305.0,130.0,275.0,782746.0,477820.0
x9mh-SwSKas,2017-11-10T18:42:55.000Z,269509.0,10801.0,158.0,653.0,398136.0,128627.0
uiA4B5Y63IQ,2017-11-09T22:00:07.000Z,366814.0,4099.0,172.0,449.0,1973918.0,1607104.0
viyRD5z6ilQ,2017-11-10T05:00:01.000Z,147193.0,5405.0,151.0,395.0,627992.0,480799.0
QFfEtKvXMAs,2017-11-10T17:00:05.000Z,505794.0,55628.0,192.0,3033.0,3467262.0,2961468.0
xg9ebVTL9yE,2017-11-10T05:00:06.000Z,178313.0,9072.0,98.0,656.0,3131145.0,2952832.0
fbHbTBP_u7U,2017-11-09T05:00:05.000Z,2185367.0,96850.0,1130.0,8216.0,62388319.0,60202952.0
Ja_GMU7-sjs,2017-11-09T21:18:33.000Z,1646057.0,53901.0,1566.0,5963.0,2696620.0,1050563.0
QOksZ8VogRw,2017-11-09T17:03:42.000Z,797436.0,29425.0,585.0,1497.0,11593818.0,10796382.0
RYs08kX3Ih4,2017-11-10T01:30:00.000Z,232083.0,14766.0,408.0,1107.0,627810.0,395727.0
tOFkFZbPdnQ,2017-11-09T00:44:51.000Z,524911.0,7822.0,185.0,403.0,611954.0,87043.0
dW4wpGg64pE,2017-11-09T18:20:27.000Z,1017803.0,25122.0,628.0,1504.0,2930457.0,1912654.0
2VP846QcA_4,2017-11-09T11:30:00.000Z,155533.0,4621.0,233.0,451.0,346326.0,190793.0
_dhneCO4YEE,2017-11-09T07:00:01.000Z,392482.0,5659.0,2432.0,1311.0,516046.0,123564.0
EYkEshCOhEU,2017-11-10T00:24:29.000Z,308352.0,15765.0,399.0,984.0,380040.0,71688.0
Rq9-mW6HgQE,2017-11-09T08:35:00.000Z,908489.0,12261.0,339.0,1600.0,1484009.0,575520.0
k29YnfttqEU,2017-11-09T04:58:04.000Z,1315873.0,9312.0,584.0,769.0,2973277.0,1657404.0
Eg_kW5fw6qU,2017-11-09T23:27:18.000Z,194946.0,9278.0,137.0,2803.0,381736.0,186790.0
J_QGZspO4gg,2017-11-09T15:45:05.000Z,1882868.0,88072.0,1219.0,6083.0,17229563.0,15346695.0
PkRBTF6nt4E,2017-11-10T13:00:02.000Z,144694.0,1012.0,588.0,288.0,207520.0,62826.0
ozkqm2ifMw8,2017-11-10T13:24:10.000Z,226317.0,11702.0,125.0,471.0,1027971.0,801654.0
htvR_dBs3eg,2017-11-10T21:38:57.000Z,98422.0,2926.0,106.0,798.0,172525.0,74103.0
qEEtzzi1EII,2017-11-09T13:34:58.000Z,467804.0,19962.0,268.0,953.0,1419206.0,951402.0
1Wk8ZRgXQnY,2017-11-09T22:27:45.000Z,41251.0,1561.0,29.0,96.0,1570966.0,1529715.0
8l_e6bx8UG8,2017-11-08T17:00:00.000Z,1440724.0,36686.0,6598.0,9637.0,2355077.0,914353.0
lsfzA7sWlOM,2017-11-09T19:59:48.000Z,161231.0,7803.0,169.0,1479.0,207936.0,46705.0
RQDphL2MVlM,2017-11-10T22:22:04.000Z,77302.0,3756.0,123.0,222.0,106333.0,29031.0
X7flefV8tec,2017-11-09T02:37:49.000Z,379918.0,4472.0,4507.0,2066.0,641163.0,261245.0
cYw-oyJ7AEY,2017-11-10T08:00:01.000Z,304700.0,12347.0,577.0,756.0,950026.0,645326.0
6nJw-jPQYVI,2015-05-21T07:55:00.000Z,193832.0,1351.0,25.0,128.0,218131.0,24299.0
5x1FAiIq_pQ,2017-11-09T15:49:21.000Z,95944.0,1354.0,181.0,117.0,263499.0,167555.0
LMCuKltaY3M,2017-11-10T08:00:01.000Z,180606.0,2400.0,159.0,239.0,858500.0,677894.0
6Detw08jRhs,2017-11-09T18:24:34.000Z,55901.0,477.0,132.0,105.0,78715.0,22814.0
vd4zwINEcLY,2011-03-27T04:31:25.000Z,95085.0,909.0,52.0,193.0,143489.0,48404.0
7fm7mll2qvg,2017-11-10T00:00:00.000Z,91776.0,4604.0,46.0,357.0,1412716.0,1320940.0
5gFpcEKayz4,2017-11-09T09:00:00.000Z,895507.0,38734.0,550.0,1270.0,5140825.0,4245318.0
eHIY3HNNqzM,2017-11-10T08:00:03.000Z,157037.0,7800.0,96.0,326.0,1626115.0,1469078.0
q-WipZ9p0wk,2017-11-09T14:00:08.000Z,77630.0,1991.0,83.0,208.0,140336.0,62706.0
zy0b9e40tK8,2017-11-09T09:00:07.000Z,378750.0,5642.0,146.0,675.0,4559680.0,4180930.0
rL4WkebTT_U,2017-11-09T15:06:34.000Z,151709.0,9210.0,71.0,1103.0,239297.0,87588.0
Y6eKxjMA9ek,2017-11-09T16:00:09.000Z,175852.0,15909.0,200.0,852.0,291710.0,115858.0
Q6Usd3_fbq8,2017-11-10T04:08:31.000Z,5149.0,242.0,0.0,54.0,125412.0,120263.0
44NYFvhXmW8,2017-11-08T13:00:00.000Z,1905487.0,65854.0,2442.0,4490.0,9366396.0,7460909.0
9wg3v-01yKQ,2017-11-08T13:00:01.000Z,9632678.0,810895.0,16139.0,59473.0,28252447.0,18619769.0
F-j_6IuaYfw,2017-11-08T21:05:20.000Z,476389.0,16106.0,950.0,2077.0,625846.0,149457.0
_qSW96a2aKY,2017-11-08T05:01:25.000Z,878560.0,12961.0,1468.0,1788.0,4053069.0,3174509.0
afgvlR9WmIQ,2017-11-09T02:21:31.000Z,762616.0,20159.0,336.0,899.0,1318038.0,555422.0
_CJN_ryETIY,2017-11-09T23:59:08.000Z,207678.0,10372.0,69.0,554.0,386145.0,178467.0
P4YJwy_T9pM,2017-11-09T03:16:36.000Z,691229.0,31892.0,197.0,1404.0,2090978.0,1399749.0
YqH4eWR7jDQ,2012-06-10T19:24:38.000Z,6412.0,49.0,0.0,2.0,8077.0,1665.0
r96KpNTcog4,2017-11-09T14:00:17.000Z,134372.0,7979.0,80.0,310.0,192392.0,58020.0
B4gXsobd_ao,2017-11-09T14:00:01.000Z,79306.0,3809.0,127.0,670.0,117389.0,38083.0
x8eLIJAM58M,2017-11-08T14:00:05.000Z,812007.0,5894.0,951.0,851.0,1912622.0,1100615.0
6V_aZsATDsM,2017-11-09T17:22:40.000Z,55398.0,1170.0,22.0,336.0,68604.0,13206.0
qg0GdM60syI,2017-03-31T21:46:53.000Z,773.0,2.0,0.0,0.0,1369.0,596.0
8j_BYfVEyhA,2017-11-08T13:34:23.000Z,581288.0,5075.0,725.0,1780.0,702435.0,121147.0
9ymjcSvEyhk,2017-11-09T14:00:04.000Z,99619.0,3959.0,158.0,335.0,572529.0,472910.0
oB3SAI2oCqk,2017-11-09T09:59:31.000Z,4850.0,22.0,1.0,1.0,7554.0,2704.0
HNa_UWX51_s,2017-11-09T18:46:37.000Z,226088.0,10844.0,302.0,555.0,1394060.0,1167972.0
08nkwgZIE4I,2017-11-08T22:04:53.000Z,651036.0,23338.0,442.0,1101.0,2841550.0,2190514.0
5Smb3tZD1Qc,2017-11-08T18:00:00.000Z,451356.0,3454.0,284.0,623.0,778606.0,327250.0
YHDbsyyjld0,2017-11-09T23:44:18.000Z,46571.0,4250.0,16.0,408.0,130888.0,84317.0
uyl6WtHEYOQ,2017-11-10T20:39:51.000Z,28539.0,681.0,25.0,45.0,79392.0,50853.0
_w58R1OGQFA,2017-11-09T15:00:02.000Z,30021.0,569.0,42.0,44.0,85105.0,55084.0
BEweWXa5Twk,2017-11-09T03:27:36.000Z,471266.0,23634.0,460.0,1714.0,1410314.0,939048.0
egXr0PU-kCY,2017-11-08T22:17:37.000Z,1073134.0,47793.0,1886.0,5358.0,2169456.0,1096322.0
fIQ2Ty2OL34,2017-11-10T04:00:52.000Z,18573.0,420.0,10.0,236.0,27386.0,8813.0
d_j512i2k6c,2017-11-08T20:30:01.000Z,250193.0,5748.0,332.0,1197.0,674496.0,424303.0
4d07RXYLsJE,2017-11-04T20:48:16.000Z,1827.0,3.0,0.0,2.0,2432.0,605.0
DOIw62TXYkg,2017-11-07T19:22:49.000Z,2457408.0,2707.0,200.0,209.0,6613893.0,4156485.0
0lbJHqAGpbA,2017-11-09T16:53:13.000Z,51143.0,258.0,5.0,10.0,245965.0,194822.0
JuP1Z8xpRb8,2017-11-09T17:01:01.000Z,27010.0,1666.0,36.0,150.0,108725.0,81715.0
CR9zYgr84QY,2017-11-09T18:30:01.000Z,122669.0,5723.0,55.0,263.0,191770.0,69101.0
1640fZpYBSY,2017-11-07T18:54:39.000Z,358597.0,1211.0,72.0,593.0,380523.0,21926.0
M2-IpsWQUWs,2017-11-09T19:11:16.000Z,56012.0,6243.0,106.0,414.0,971114.0,915102.0
7m630xvAJtA,2017-11-09T16:33:02.000Z,6148.0,121.0,3.0,19.0,48258.0,42110.0
510KQ_LXGww,2017-11-08T18:24:16.000Z,1390440.0,86207.0,1775.0,710.0,1998630.0,608190.0
CO9dIyNM_9Q,2017-11-07T22:59:49.000Z,244532.0,633.0,174.0,765.0,268901.0,24369.0
mwpHSMv1pI4,2017-11-09T01:27:53.000Z,359120.0,15130.0,223.0,1143.0,569642.0,210522.0
Mfiim71QdYQ,2017-11-08T18:39:38.000Z,33768.0,426.0,88.0,550.0,55377.0,21609.0
UFPSIa1cLRQ,2017-11-09T05:00:01.000Z,38068.0,2195.0,28.0,154.0,287472.0,249404.0
o78x918zbFk,2017-11-08T18:00:05.000Z,1277364.0,56867.0,2148.0,25326.0,1757356.0,479992.0
iNf6VErGDLI,2017-11-08T14:00:09.000Z,1498866.0,67227.0,1473.0,4645.0,3212804.0,1713938.0
6ixU_vdE0Es,2017-11-08T22:13:18.000Z,280065.0,20289.0,38.0,939.0,1259243.0,979178.0
agKDPntMv-E,2017-11-08T15:59:06.000Z,470191.0,4037.0,430.0,1553.0,569001.0,98810.0
Xl38SuxyrgM,2017-11-09T07:27:32.000Z,16305.0,147.0,13.0,47.0,20462.0,4157.0
u7pV4vxD1bs,2017-11-08T20:16:47.000Z,169511.0,57.0,59.0,79.0,188436.0,18925.0
PoNWU2cox9w,2017-11-08T15:00:27.000Z,704363.0,16352.0,224.0,841.0,2485386.0,1781023.0
6hTzM1BPdU8,2017-11-08T21:00:01.000Z,130778.0,5684.0,53.0,737.0,604515.0,473737.0
MCW5HUkrr-o,2017-11-08T17:16:26.000Z,560569.0,29990.0,341.0,1788.0,1446210.0,885641.0
YvfYK0EEhK4,2017-11-14T15:32:51.000Z,1607810.0,39699.0,2268.0,1847.0,3765297.0,2157487.0
cxMvzK2OQTw,2017-11-14T16:43:11.000Z,1365087.0,25811.0,8876.0,6604.0,1446367.0,81280.0
bAkEd8r7Nnw,2017-11-14T18:31:20.000Z,3794124.0,106105.0,2103.0,7663.0,8178595.0,4384471.0
ItYOdWRo0JY,2017-11-14T00:45:15.000Z,3798127.0,44277.0,47469.0,12654.0,4677031.0,878904.0
5530I_pYjbo,2017-11-14T12:06:56.000Z,3083469.0,193377.0,1218.0,10440.0,14663360.0,11579891.0
dUMH6DVYskc,2017-11-14T12:02:49.000Z,2227708.0,11817.0,6285.0,3769.0,2569399.0,341691.0
gjXrm2Q-te4,2017-11-14T04:55:24.000Z,2223948.0,76806.0,1169.0,4176.0,3462158.0,1238210.0
9SK1I0V6U5c,2017-11-14T18:01:03.000Z,2408682.0,105248.0,1205.0,5987.0,11387490.0,8978808.0
VsYmwBOYfW8,2017-11-14T08:30:01.000Z,2765121.0,35529.0,1705.0,2388.0,9955991.0,7190870.0
CtBca6H6Teg,2017-11-14T18:00:01.000Z,1531538.0,36000.0,546.0,4115.0,2101060.0,569522.0
pcWKpGzhgq4,2017-11-14T12:13:35.000Z,792184.0,9174.0,189.0,486.0,1786394.0,994210.0
L3br0klRqF4,2017-11-14T21:51:20.000Z,166097.0,700.0,347.0,557.0,175931.0,9834.0
9kF9xY74h-E,2017-11-14T21:00:47.000Z,1533488.0,168268.0,738.0,9395.0,2871245.0,1337757.0
p2EY93WfBQk,2017-11-14T21:03:47.000Z,370461.0,27945.0,588.0,2235.0,639571.0,269110.0
xL_qpDkF5A8,2017-11-15T01:25:18.000Z,485303.0,4389.0,164.0,499.0,1969205.0,1483902.0
eQVhAN7-IAw,2017-11-15T03:43:47.000Z,852543.0,44619.0,674.0,2609.0,2616916.0,1764373.0
Y9nDagqKL7Q,2017-11-13T20:47:49.000Z,643737.0,31028.0,536.0,1827.0,1563493.0,919756.0
DbJ2s_g1oDc,2017-11-13T20:00:01.000Z,1014163.0,23095.0,1256.0,2919.0,1809344.0,795181.0
KJ12FVmumeA,2017-11-14T16:28:34.000Z,281868.0,1546.0,245.0,885.0,367894.0,86026.0
qDAxDcjgn-8,2017-11-14T23:06:27.000Z,302837.0,11337.0,825.0,2660.0,635518.0,332681.0
815lSYphlbw,2017-11-14T16:00:01.000Z,196434.0,6305.0,88.0,762.0,487770.0,291336.0
E_86MEdNsAI,2017-11-14T19:48:51.000Z,122054.0,7081.0,103.0,893.0,529833.0,407779.0
Cr9oGxr0Qa0,2017-11-14T14:00:02.000Z,179948.0,7725.0,105.0,1007.0,433939.0,253991.0
g0K5QoEj7FQ,2017-11-14T22:34:14.000Z,55910.0,213.0,150.0,118.0,60207.0,4297.0
l4bAoNAx2uo,2017-11-13T17:11:30.000Z,877102.0,15480.0,2421.0,7843.0,4758479.0,3881377.0
TSqwDQHE1J8,2017-11-14T10:00:02.000Z,137749.0,1145.0,61.0,131.0,449090.0,311341.0
MltuW2kcREI,2017-11-14T20:28:53.000Z,207465.0,17136.0,152.0,2328.0,3752276.0,3544811.0
jGiqc3HSxEg,2017-11-13T15:30:01.000Z,260902.0,13029.0,245.0,634.0,481344.0,220442.0
XrDlDj9DfZs,2017-11-14T06:08:58.000Z,107919.0,1440.0,90.0,154.0,211799.0,103880.0
Z3OZyb2iWqQ,2017-11-14T14:00:32.000Z,137860.0,1950.0,64.0,136.0,414893.0,277033.0
Hq89wYzOjfs,2017-11-14T17:37:20.000Z,27997.0,366.0,22.0,0.0,639567.0,611570.0
vZzIS17HexE,2017-11-15T03:11:17.000Z,42451.0,399.0,114.0,63.0,62856.0,20405.0
zxUwbflE1SY,2017-11-13T13:00:10.000Z,225280.0,5770.0,150.0,1312.0,1119362.0,894082.0
7oRdswHqaf8,2017-11-14T14:01:36.000Z,37376.0,2093.0,37.0,521.0,71805.0,34429.0
qC0I5PEhkJo,2010-01-14T15:56:31.000Z,99999.0,143.0,12.0,32.0,116528.0,16529.0
0zk2SwmCpss,2017-11-14T06:24:27.000Z,63780.0,831.0,12.0,301.0,116352.0,52572.0
SGVbdo2CkgI,2017-11-14T13:00:16.000Z,30341.0,730.0,22.0,34.0,498739.0,468398.0
NfLVVJOuY5M,2017-11-14T16:00:04.000Z,215541.0,12465.0,46.0,537.0,397013.0,181472.0
F388-6yDDpc,2017-11-13T00:51:15.000Z,1042282.0,6029.0,549.0,3187.0,1269954.0,227672.0
KhdecX0qjNA,2017-11-13T20:11:43.000Z,157522.0,8012.0,85.0,286.0,483107.0,325585.0
kWIzjMWmuYk,2017-11-14T17:27:46.000Z,52416.0,5873.0,41.0,1664.0,61645.0,9229.0
symdi5KSJts,2017-11-14T13:00:16.000Z,212992.0,7049.0,209.0,365.0,1415725.0,1202733.0
5hEJsoDP2q4,2017-11-14T17:00:12.000Z,209442.0,19069.0,289.0,836.0,1534021.0,1324579.0
lBHPVE3AI6Y,2017-11-13T15:03:21.000Z,112077.0,438.0,46.0,572.0,130392.0,18315.0
kIUHDwn51y8,2017-11-13T15:00:05.000Z,136837.0,2504.0,39.0,505.0,304269.0,167432.0
Lz7dya576HY,2017-11-13T15:00:03.000Z,35125.0,627.0,43.0,64.0,76282.0,41157.0
kqmhCaF5_44,2017-11-14T16:10:38.000Z,72940.0,1353.0,102.0,145.0,128946.0,56006.0
eAyxMv4IBH8,2017-11-12T00:01:11.000Z,434036.0,6464.0,334.0,348.0,490782.0,56746.0
EJu_wPGFTw0,2017-11-14T15:20:12.000Z,11156.0,58.0,4.0,5.0,12117.0,961.0
MKLlDnUqho4,2017-11-14T16:30:00.000Z,39720.0,2229.0,90.0,338.0,118435.0,78715.0
wwZ-T_WQ03A,2017-11-12T16:46:33.000Z,292891.0,6725.0,386.0,598.0,1434315.0,1141424.0
i-LCORFB860,2017-11-13T09:21:27.000Z,1037561.0,716.0,117.0,223.0,2794745.0,1757184.0
vWYyZMH_QjA,2017-11-13T17:26:03.000Z,49451.0,4666.0,92.0,447.0,76899.0,27448.0
VJlSq6h0LNg,2017-11-13T18:41:18.000Z,6993.0,20.0,58.0,53.0,7389.0,396.0
ijJPFowBsBc,2017-11-12T17:00:02.000Z,141308.0,4455.0,169.0,327.0,200557.0,59249.0
JwboxqDylgg,2017-11-13T05:53:49.000Z,43426.0,309.0,33.0,47.0,55797.0,12371.0
1WDj0DddCcM,2017-11-13T16:14:00.000Z,6801.0,11.0,35.0,16.0,7099.0,298.0
bqgVB6Vl-lI,2017-11-11T17:00:03.000Z,227162.0,4836.0,60.0,268.0,4176190.0,3949028.0
ZhSk8mPSWCg,2017-11-13T20:51:31.000Z,3914.0,48.0,3.0,24.0,4601.0,687.0
qooQd8AA7_M,2017-11-12T05:01:00.000Z,7095077.0,438470.0,6754.0,29178.0,99445284.0,92350207.0
9KIP-Ncp2jU,2017-11-11T01:03:01.000Z,92327.0,182.0,45.0,0.0,120409.0,28082.0
i4YQRLQVixM,2017-11-10T07:28:14.000Z,1167646.0,2691.0,916.0,1122.0,1344151.0,176505.0
Fyyua5JzD9w,2017-11-10T17:57:59.000Z,49915.0,386.0,11.0,24.0,56488.0,6573.0
9Th4qTv-4jE,2017-11-13T08:38:48.000Z,6247.0,22.0,0.0,2.0,41471.0,35224.0
uTH--XRCGxM,2017-11-10T17:01:04.000Z,127404.0,3869.0,56.0,111.0,500518.0,373114.0
ttf_EzEkxBk,2017-11-08T17:29:15.000Z,3505996.0,5934.0,3400.0,5162.0,3702980.0,196984.0
l7je4VAUvjA,2017-11-10T08:00:03.000Z,90454.0,211.0,65.0,59.0,151081.0,60627.0
8-Cjsnq8kVU,2017-11-15T14:01:03.000Z,12382809.0,328876.0,7238.0,14836.0,18686461.0,6303652.0
hpapqEeb36k,2017-11-15T14:52:38.000Z,909177.0,36636.0,902.0,1980.0,1744179.0,835002.0
cmoknv58jjE,2017-11-14T21:00:02.000Z,2433987.0,65991.0,9011.0,9450.0,3189673.0,755686.0
sottGW1p5os,2017-11-15T06:42:14.000Z,3621389.0,141681.0,1289.0,8127.0,13871214.0,10249825.0
EEIP1YpFXrE,2017-11-15T20:00:00.000Z,1249486.0,46508.0,869.0,6511.0,4211202.0,2961716.0
pgjRX9oGF7g,2017-11-15T07:55:04.000Z,968868.0,32181.0,1279.0,7720.0,1217243.0,248375.0
_BVAJ3PXZ1k,2017-11-15T11:30:00.000Z,533940.0,12633.0,597.0,1828.0,1435393.0,901453.0
8hKbIhrb1WU,2017-11-15T14:00:02.000Z,1559003.0,29898.0,884.0,1838.0,9887961.0,8328958.0
RTaDvKMtUeA,2017-11-15T05:15:45.000Z,760341.0,13283.0,317.0,433.0,1928068.0,1167727.0
jG1JY0rt2Os,2017-11-15T05:00:02.000Z,3821846.0,177700.0,4842.0,15815.0,23642079.0,19820233.0
RrhSJzM8NLE,2017-11-15T13:10:12.000Z,539987.0,14532.0,650.0,881.0,2129904.0,1589917.0
0gwkMY-mzUQ,2017-11-15T20:11:41.000Z,736276.0,36904.0,748.0,1829.0,1458117.0,721841.0
UwdLlnPaRAU,2017-11-15T17:00:36.000Z,665452.0,19849.0,227.0,1372.0,2458968.0,1793516.0
ve3oQBjcAGI,2017-11-14T17:00:07.000Z,2098612.0,52336.0,2839.0,10848.0,3677495.0,1578883.0
C4YNcqNF4hg,2017-11-15T12:00:01.000Z,484287.0,7792.0,150.0,342.0,2357213.0,1872926.0
k1cA-Wh3Tc0,2017-11-15T00:00:03.000Z,930403.0,20658.0,970.0,6544.0,2065937.0,1135534.0
TN5jzDgORqQ,2017-11-15T15:00:05.000Z,325333.0,2750.0,307.0,383.0,831686.0,506353.0
9Ca8zWJOlFQ,2017-11-15T02:17:29.000Z,1825705.0,77531.0,4156.0,12025.0,5138054.0,3312349.0
4SANXNco_y4,2017-11-15T17:05:36.000Z,82048.0,3539.0,144.0,347.0,261211.0,179163.0
-oXybog2IuI,2017-11-15T16:00:00.000Z,38775.0,1373.0,16.0,140.0,69642.0,30867.0
oRF2-ZloSqg,2017-11-15T02:26:15.000Z,845763.0,17929.0,502.0,2325.0,1082689.0,236926.0
lzgQrHFDNLE,2017-11-14T22:00:01.000Z,177648.0,6932.0,786.0,697.0,411053.0,233405.0
0ANDjPQPS_Q,2017-11-15T15:17:28.000Z,27408.0,2993.0,87.0,516.0,39165.0,11757.0
4ftGS_6i7mM,2017-11-15T16:33:51.000Z,36414.0,125.0,16.0,40.0,41541.0,5127.0
Jidk0O6uu-0,2017-11-15T07:25:03.000Z,77763.0,4640.0,42.0,483.0,121448.0,43685.0
64IIfxDrhJY,2017-11-15T13:32:00.000Z,17129.0,455.0,18.0,101.0,135958.0,118829.0
k-w8GxCpsCU,2017-11-09T02:36:09.000Z,3491.0,19.0,0.0,2.0,11078.0,7587.0
yxFdue1dCtE,2017-11-15T01:10:19.000Z,141492.0,2025.0,70.0,292.0,145003.0,3511.0
ryqZUqgjvW8,2017-11-15T07:51:20.000Z,90641.0,2349.0,409.0,1246.0,113702.0,23061.0
I-5CODzeGEE,2017-11-14T08:00:42.000Z,71707.0,4739.0,93.0,913.0,156233.0,84526.0
FEjZiCPuvqQ,2017-11-14T15:00:41.000Z,48037.0,2167.0,44.0,401.0,82249.0,34212.0
ENr6CXm1YxU,2017-11-15T08:00:01.000Z,90268.0,2215.0,91.0,94.0,349816.0,259548.0
3x0usYgljOk,2017-11-15T05:14:50.000Z,12494.0,252.0,3.0,91.0,20941.0,8447.0
R9c-_neaxeU,2017-11-14T16:29:00.000Z,124948.0,5933.0,50.0,640.0,228624.0,103676.0
VonJ4ASDO40,2017-11-13T18:49:30.000Z,547362.0,10776.0,797.0,2486.0,656727.0,109365.0
iyrefjMs64k,2017-11-14T16:45:24.000Z,44856.0,1731.0,678.0,881.0,91270.0,46414.0
GKUE2U2qlzY,2017-11-14T03:47:01.000Z,261429.0,4470.0,62.0,454.0,1003324.0,741895.0
N0tmF4j4K6g,2017-11-15T10:00:02.000Z,46025.0,2106.0,17.0,167.0,65155.0,19130.0
SFdO-19Xdho,2017-11-14T16:23:31.000Z,69170.0,2462.0,24.0,101.0,779147.0,709977.0
qK8AcryiniI,2017-11-13T09:09:53.000Z,67471.0,40.0,15.0,29.0,75968.0,8497.0
KLZl_sxSN_g,2017-11-08T19:23:52.000Z,1431.0,4.0,0.0,0.0,1748.0,317.0
QKwgif8OW1w,2017-10-21T15:12:53.000Z,1204.0,7.0,0.0,2.0,2051.0,847.0
-JVITToppE0,2017-11-13T20:41:45.000Z,704.0,10.0,2.0,5.0,760.0,56.0
sH0Agabp3Rs,2017-11-13T19:30:03.000Z,8993.0,292.0,5.0,162.0,24719.0,15726.0
eijd-yjXY9E,2017-11-13T15:00:03.000Z,9747.0,447.0,14.0,81.0,25682.0,15935.0
fGTfbMioezc,2017-10-25T23:47:00.000Z,5318.0,20.0,1.0,3.0,83978.0,78660.0
8tbQHHso0oY,2017-11-10T19:53:11.000Z,1267977.0,2028.0,304.0,1586.0,1416156.0,148179.0
G8gJ4RTBxcg,2017-11-09T15:20:54.000Z,465893.0,111.0,14.0,59.0,577228.0,111335.0
fRj34o4hN4I,2017-11-16T21:12:25.000Z,10775416.0,205630.0,4927.0,35422.0,15882984.0,5107568.0
coOKvrsmQiI,2017-11-16T21:15:08.000Z,15104666.0,143947.0,12709.0,25593.0,40512416.0,25407750.0
p8XP7A7kvzM,2017-11-16T06:44:16.000Z,11217517.0,216489.0,8821.0,11975.0,30055274.0,18837757.0
pOEzjT-SED0,2017-11-16T15:00:07.000Z,3930664.0,104641.0,19448.0,24078.0,17668121.0,13737457.0
p9wE8dyzEJE,2017-11-16T14:00:21.000Z,4499836.0,16135.0,432.0,2809.0,14916226.0,10416390.0
duRDizP0gHQ,2017-11-16T16:00:05.000Z,1043202.0,42380.0,768.0,5825.0,2063024.0,1019822.0
0O2IAz1E9Ts,2017-11-16T17:00:54.000Z,720203.0,19850.0,1517.0,1073.0,2670497.0,1950294.0
TyHvyGVs42U,2017-11-17T05:00:01.000Z,102012605.0,2376636.0,117196.0,134224.0,1593100886.0,1491088281.0
16W7c0mb-rE,2017-11-16T15:01:58.000Z,2032821.0,124607.0,1183.0,8577.0,3573154.0,1540333.0
nRafaCcfrcI,2017-11-16T13:00:50.000Z,6197393.0,476724.0,4853.0,23008.0,13717874.0,7520481.0
t1shnJT8NCY,2017-11-16T07:00:04.000Z,700476.0,8114.0,2682.0,1410.0,950653.0,250177.0
ixxR3ZoqnF0,2017-11-16T15:00:05.000Z,7475081.0,1035003.0,4901.0,86912.0,12244685.0,4769604.0
lJFqvRwOiis,2017-11-16T12:55:39.000Z,505886.0,23207.0,5375.0,7030.0,1953827.0,1447941.0
9PhM-zCmTFs,2017-11-16T15:03:23.000Z,514888.0,22136.0,244.0,771.0,1550060.0,1035172.0
vKbyfdJXoDg,2017-11-16T08:35:00.000Z,406769.0,6593.0,397.0,1253.0,2363367.0,1956598.0
Lxet1zLBTM8,2017-11-16T17:36:14.000Z,1666003.0,61821.0,1055.0,6597.0,3756853.0,2090850.0
TWpt-ze_cYU,2017-11-15T20:00:02.000Z,1417912.0,67856.0,653.0,67310.0,2844853.0,1426941.0
l3xmc0pzzJI,2017-11-15T23:46:57.000Z,1524361.0,79021.0,1063.0,4659.0,2991250.0,1466889.0
eDelIZDzmwQ,2017-11-16T14:00:04.000Z,340348.0,5474.0,372.0,653.0,1204142.0,863794.0
t1Liix4gi7k,2017-11-16T05:13:33.000Z,1035804.0,18816.0,737.0,1133.0,4122711.0,3086907.0
DhwwTxTh5To,2017-11-16T14:01:40.000Z,474858.0,15051.0,1034.0,2364.0,796728.0,321870.0
mZpGOQ7tBKE,2017-11-16T13:00:03.000Z,343860.0,6546.0,404.0,732.0,564097.0,220237.0
CziCidR4KcY,2017-11-16T11:01:00.000Z,681439.0,29225.0,1356.0,5366.0,2229439.0,1548000.0
FHl0nIdbiLA,2017-11-15T18:30:00.000Z,800306.0,23559.0,3133.0,2977.0,1638344.0,838038.0
MMGrzOu1amQ,2017-11-15T23:08:18.000Z,2259888.0,99803.0,1074.0,15766.0,5088770.0,2828882.0
8KT1UCsOE74,2017-11-15T09:43:32.000Z,1088828.0,34989.0,1773.0,10715.0,1513473.0,424645.0
U5sCjnezw4o,2017-11-17T04:20:40.000Z,133758.0,781.0,94.0,308.0,146177.0,12419.0
mjBIsBPG1N8,2017-11-16T15:23:10.000Z,169977.0,6152.0,150.0,315.0,406352.0,236375.0
oMupq6zB1Tc,2017-11-15T08:30:01.000Z,769769.0,6133.0,1124.0,2837.0,1521398.0,751629.0
Y2-JjnW3w2g,2017-11-16T16:47:12.000Z,52886.0,1537.0,123.0,869.0,64920.0,12034.0
PHWAZNkqwN4,2017-11-16T10:07:18.000Z,360539.0,16470.0,640.0,1515.0,1672443.0,1311904.0
UuCq8mtK8J4,2017-11-16T05:00:01.000Z,4600718.0,167704.0,2623.0,5290.0,114927799.0,110327081.0
5UL5wZJPLEg,2017-11-16T03:00:01.000Z,379172.0,5794.0,244.0,360.0,1048743.0,669571.0
9pbCuFxRuqs,2017-11-16T02:34:28.000Z,676692.0,24794.0,1326.0,3567.0,1264277.0,587585.0
hXcoq5XDwyA,2017-11-15T22:02:34.000Z,71610.0,4571.0,119.0,545.0,154219.0,82609.0
i9EyFghIt5o,2017-11-15T22:00:01.000Z,141741.0,5761.0,352.0,961.0,172949.0,31208.0
PGWBA_OzCE4,2017-11-15T18:19:50.000Z,66021.0,2136.0,94.0,542.0,73778.0,7757.0
uN9zBcweN4M,2017-11-16T03:16:52.000Z,127525.0,1094.0,43.0,414.0,253759.0,126234.0
Mmkf4zYlW4E,2017-11-16T00:31:44.000Z,105270.0,5186.0,83.0,387.0,175949.0,70679.0
L9eFkmjIIWA,2017-11-15T16:01:39.000Z,95520.0,4816.0,51.0,313.0,195916.0,100396.0
YjBB89qsupM,2017-11-15T18:27:28.000Z,828587.0,38326.0,654.0,1088.0,3218788.0,2390201.0
UC34HrZhfPM,2017-11-16T06:38:42.000Z,23429.0,365.0,10.0,188.0,41634.0,18205.0
IKuKZIISPE0,2017-11-15T17:00:16.000Z,69199.0,4237.0,15.0,220.0,353631.0,284432.0
svZScJMh4Pg,2017-11-16T17:02:13.000Z,702208.0,42577.0,723.0,2624.0,1737781.0,1035573.0
KOUxLhYVgGw,2017-11-16T20:17:25.000Z,6582.0,174.0,8.0,22.0,16351.0,9769.0
9WT7NU3Rwr0,2017-11-16T06:26:28.000Z,14657.0,89.0,5.0,36.0,15165.0,508.0
Qj7DVNDb7To,2017-11-15T22:18:21.000Z,114923.0,6490.0,78.0,4216.0,257956.0,143033.0
6j-s9E3dRQ0,2017-11-14T23:15:24.000Z,874883.0,18686.0,711.0,844.0,10620981.0,9746098.0
dnA3Cd5xG5A,2017-11-15T16:00:03.000Z,22383.0,921.0,26.0,78.0,1354879.0,1332496.0
LduRwIc7eBA,2017-11-15T18:59:30.000Z,42658.0,2120.0,25.0,136.0,124193.0,81535.0
VSVXhc5LlII,2017-11-14T18:00:02.000Z,451675.0,7014.0,579.0,1833.0,2034795.0,1583120.0
rRsstfoKQeo,2017-11-14T16:51:02.000Z,110590.0,104.0,5.0,10.0,357372.0,246782.0
DVAMKnfrQBk,2017-11-13T17:37:55.000Z,111077.0,567.0,38.0,102.0,1189980.0,1078903.0
x-uBFJLY8Ow,2017-11-08T17:00:03.000Z,3987.0,100.0,4.0,15.0,7539.0,3552.0
qrPPj3e2M-M,2017-11-13T16:39:05.000Z,73984.0,3676.0,78.0,353.0,145512.0,71528.0
QiIlcKiREUU,2017-11-12T23:30:00.000Z,48130.0,271.0,10.0,71.0,195719.0,147589.0
eOQpjvnm4ME,2017-11-17T08:35:01.000Z,2016029.0,21062.0,2319.0,4200.0,2529916.0,513887.0
w8vsuOXZBXc,2017-11-17T15:00:16.000Z,2899302.0,159586.0,3464.0,11535.0,10335980.0,7436678.0
5HOijUtExiM,2017-11-17T13:00:12.000Z,366048.0,14742.0,1308.0,1948.0,956556.0,590508.0
asu37n6sEBY,2017-11-17T16:08:06.000Z,597308.0,10554.0,566.0,504.0,2304433.0,1707125.0
ZpS-w6BxN-U,2017-11-17T10:00:03.000Z,178325.0,1641.0,83.0,178.0,646277.0,467952.0
Qf1xyI_iKWA,2017-11-17T18:26:16.000Z,180713.0,9225.0,352.0,1180.0,227134.0,46421.0
6uJf2IT2Zh8,2017-11-17T09:00:03.000Z,12969561.0,591776.0,18790.0,63191.0,101438379.0,88468818.0
i9GSF3ROa58,2017-11-17T05:00:23.000Z,2275359.0,111392.0,3145.0,10169.0,10669208.0,8393849.0
BQ_0QLL2gqI,2017-11-17T18:00:00.000Z,8076063.0,214451.0,2661.0,5863.0,60665805.0,52589742.0
qS6LoRYUdhw,2017-11-16T17:38:54.000Z,1202878.0,46101.0,702.0,4034.0,3110356.0,1907478.0
mNhxFzR25Rs,2017-11-17T14:00:05.000Z,391853.0,11765.0,158.0,523.0,1309358.0,917505.0
djlaHJCXT4o,2016-06-20T06:44:53.000Z,33260.0,181.0,79.0,30.0,55289.0,22029.0
8-u5nd2GqNE,2017-11-16T15:30:00.000Z,1145464.0,28690.0,887.0,5083.0,4945407.0,3799943.0
88kkrRv1UgI,2017-11-17T16:37:31.000Z,377704.0,14359.0,830.0,2056.0,512646.0,134942.0
kz3MEd1Jr0Q,2017-11-17T15:01:54.000Z,1888088.0,85515.0,1168.0,4044.0,11605310.0,9717222.0
By6Mi7VlqcU,2017-11-17T18:26:49.000Z,298927.0,2616.0,1556.0,1478.0,311387.0,12460.0
dcipHnWcB0w,2017-11-16T18:03:56.000Z,715011.0,6037.0,467.0,587.0,1453152.0,738141.0
6GT7PrIIS5I,2017-11-17T12:30:00.000Z,372823.0,6433.0,766.0,534.0,431209.0,58386.0
2r_nGjgqPE0,2017-11-16T17:07:45.000Z,1360509.0,54560.0,519.0,1579.0,1850933.0,490424.0
VNqrILFD5h0,2017-11-17T12:59:51.000Z,145442.0,653.0,218.0,168.0,168145.0,22703.0
Pubtjn5QIjg,2017-11-17T02:34:43.000Z,76536.0,3536.0,199.0,123.0,419626.0,343090.0
gk05IMU2RrU,2017-11-17T18:35:11.000Z,199206.0,9193.0,335.0,728.0,304465.0,105259.0
S_5TyDFx6kc,2017-11-16T22:00:01.000Z,219662.0,13280.0,100.0,434.0,330159.0,110497.0
pvg2cw5oshg,2017-11-17T05:00:02.000Z,183509.0,4702.0,185.0,265.0,777584.0,594075.0
mHaJ8xsWD3s,2017-11-17T16:00:04.000Z,99495.0,2837.0,148.0,461.0,592633.0,493138.0
cDDF4pPwEUU,2017-11-17T04:25:04.000Z,29188.0,411.0,5.0,132.0,48550.0,19362.0
FKA-Jy6nuE0,2017-11-17T08:00:01.000Z,69795.0,1629.0,75.0,50.0,186154.0,116359.0
pQXwQVaQmGk,2017-11-17T10:00:03.000Z,21007.0,433.0,11.0,35.0,166757.0,145750.0
KhxqJzr6FAE,2017-11-16T17:23:57.000Z,56969.0,5991.0,33.0,449.0,102656.0,45687.0
tG4Fbj1B1bY,2017-11-17T00:39:19.000Z,128002.0,1939.0,253.0,266.0,1635940.0,1507938.0
TsYGNNPQ3ZU,2017-11-17T17:01:09.000Z,176140.0,15955.0,178.0,1586.0,463587.0,287447.0
GIn4CeZq7Nw,2017-11-17T15:00:03.000Z,97795.0,1271.0,128.0,146.0,133586.0,35791.0
szs2GAYwMHo,2017-11-16T15:10:46.000Z,443412.0,3563.0,100.0,147.0,1016048.0,572636.0
AJkOHavUH_A,2017-11-16T16:37:47.000Z,65758.0,4691.0,418.0,1033.0,120257.0,54499.0
kOCkne-Bku4,2017-11-17T05:01:14.000Z,795683.0,44085.0,236.0,1604.0,43935356.0,43139673.0
OlJykKOuank,2017-11-16T18:30:00.000Z,83038.0,4116.0,35.0,103.0,127292.0,44254.0
K6xwB8Kkce0,2017-11-17T13:00:02.000Z,1024814.0,174637.0,534.0,7475.0,4615648.0,3590834.0
AJ2xkh-6tL4,2017-11-15T19:25:34.000Z,34293.0,400.0,86.0,381.0,45388.0,11095.0
Gnxv9OH-giQ,2017-11-16T13:12:49.000Z,438025.0,24398.0,225.0,1845.0,840995.0,402970.0
qqs3fxfmWr4,2017-11-15T22:00:02.000Z,278899.0,4513.0,126.0,314.0,2594008.0,2315109.0
77McSTzTgg8,2017-11-15T21:05:13.000Z,39799.0,290.0,222.0,0.0,45108.0,5309.0
W8vXDp7NuFs,2017-11-15T19:07:27.000Z,371401.0,22490.0,230.0,1137.0,2028655.0,1657254.0
C_SJgw5MVFY,2017-11-17T05:00:00.000Z,23987.0,1669.0,33.0,169.0,75641.0,51654.0
P7zi6oQ4fPQ,2017-11-15T20:53:51.000Z,2087.0,4.0,0.0,0.0,2824.0,737.0
7xhxjcejONk,2017-11-15T16:18:17.000Z,2358.0,17.0,1.0,1.0,45616.0,43258.0
J7wMOb0WIfQ,2017-10-27T19:41:06.000Z,11887.0,5.0,0.0,0.0,13389.0,1502.0
QJfL0a3qEKw,2017-11-15T13:30:01.000Z,13676.0,1172.0,18.0,169.0,23038.0,9362.0
ZJDMWVZta3M,2017-11-18T15:43:11.000Z,36152111.0,444698.0,15434.0,48348.0,87237246.0,51085135.0
cH4E_t3m3xM,2017-11-18T16:00:02.000Z,20752341.0,804496.0,17557.0,44075.0,207086249.0,186333908.0
60nDlMw5vFQ,2017-11-18T16:09:31.000Z,703631.0,15716.0,849.0,2864.0,1160798.0,457167.0
LDVXOo_HXKU,2017-11-18T13:59:59.000Z,1927025.0,31492.0,1550.0,2680.0,4691123.0,2764098.0
_wS7seijyks,2017-11-18T17:00:16.000Z,799870.0,22537.0,805.0,2942.0,1589066.0,789196.0
jGyUVyp9w9g,2017-11-19T05:43:25.000Z,21046.0,1308.0,62.0,206.0,1113063.0,1092017.0
tr7I4vokl78,2017-11-18T12:00:04.000Z,576496.0,4730.0,399.0,771.0,1008570.0,432074.0
B4mK5OElAFQ,2017-11-18T18:29:57.000Z,268148.0,17601.0,555.0,3972.0,593027.0,324879.0
Y1n8F4uClUU,2017-11-18T04:57:43.000Z,3460380.0,17465.0,1099.0,2794.0,5240970.0,1780590.0
ctx4YBEdOxo,2017-11-17T20:41:45.000Z,2810983.0,93993.0,3186.0,12318.0,4475840.0,1664857.0
dpeDxEb9yeg,2017-11-17T23:00:04.000Z,560687.0,17049.0,411.0,854.0,1662132.0,1101445.0
D818vkK10UQ,2017-11-18T10:30:00.000Z,357054.0,11333.0,522.0,527.0,532023.0,174969.0
FZiCWBplZ90,2017-11-18T01:16:54.000Z,355131.0,29282.0,494.0,2474.0,545685.0,190554.0
nfbwPTsowEA,2017-11-17T22:00:03.000Z,816073.0,52579.0,1727.0,3586.0,1364441.0,548368.0
JLOFZoBJnd8,2017-11-18T01:40:29.000Z,540553.0,28387.0,300.0,1193.0,993215.0,452662.0
wJh-jurxmGQ,2017-11-17T11:22:12.000Z,159532.0,789.0,92.0,0.0,639367.0,479835.0
MGanJGGVSrw,2017-11-17T05:00:00.000Z,1046154.0,39200.0,629.0,1775.0,6058175.0,5012021.0
UB1cGaIW81I,2017-11-17T10:00:01.000Z,67078.0,778.0,33.0,84.0,140047.0,72969.0
iASe_veKR74,2017-11-17T14:00:06.000Z,239773.0,11786.0,169.0,605.0,875008.0,635235.0
KGziD2V8Ppw,2017-11-17T05:00:01.000Z,617406.0,34338.0,637.0,2154.0,1474332.0,856926.0
IeTTfquV0iE,2017-11-17T05:00:00.000Z,14265.0,832.0,11.0,70.0,98048.0,83783.0
g3VgrgV3kFk,2017-11-16T22:50:00.000Z,1032.0,3.0,1.0,1.0,1464.0,432.0
fdpYWltgYMk,2017-11-16T18:12:36.000Z,6553.0,477.0,2.0,32.0,16000.0,9447.0
aHsfKnrNCG4,2017-11-14T13:25:56.000Z,3896.0,9.0,0.0,1.0,7795.0,3899.0
rO_mAQC9bv0,2009-03-10T00:27:20.000Z,15476.0,34.0,1.0,10.0,16726.0,1250.0
aujUl3yt6nM,2017-11-16T01:56:43.000Z,5963.0,47.0,2.0,13.0,17088.0,11125.0
xhBMUFDdiok,2017-11-16T13:05:00.000Z,5839.0,427.0,14.0,28.0,107245.0,101406.0
oddXT5uaRb8,2017-11-16T09:00:02.000Z,1508950.0,181682.0,2062.0,9854.0,4371371.0,2862421.0
D-DYWvnrFs8,2017-11-15T23:30:44.000Z,29723.0,2083.0,8.0,227.0,363486.0,333763.0
AZQvPibYXRo,2017-11-13T00:56:30.000Z,784937.0,4553.0,290.0,1478.0,898231.0,113294.0
UhZ56rcWwRQ,2017-11-20T01:22:15.000Z,2358051.0,24368.0,5513.0,5622.0,8585825.0,6227774.0
ai_UWoM37dI,2017-11-18T19:55:30.000Z,6988208.0,368569.0,8898.0,103635.0,8240724.0,1252516.0
LymuZ8abvmc,2017-11-19T07:14:52.000Z,1675419.0,12798.0,1558.0,1625.0,2808884.0,1133465.0
8mCcM-PUmLM,2017-11-19T21:29:25.000Z,2382878.0,119254.0,1404.0,10148.0,3366040.0,983162.0
8sAApdJdG3A,2017-11-19T22:14:59.000Z,226800.0,2167.0,123.0,1137.0,650346.0,423546.0
0s6-iFoCFNQ,2017-11-18T17:00:00.000Z,2788162.0,27260.0,896.0,3970.0,7352057.0,4563895.0
pVypbknP4A8,2017-11-19T03:23:32.000Z,214150.0,4262.0,535.0,753.0,1081085.0,866935.0
XY5OYFc1tzU,2017-11-18T17:30:00.000Z,325569.0,12404.0,1024.0,1437.0,604410.0,278841.0
PliRMGvytnA,2017-11-18T16:43:23.000Z,2316153.0,96546.0,1087.0,10106.0,4523189.0,2207036.0
xnBtEib-H9E,2017-11-19T16:00:05.000Z,91100.0,1174.0,200.0,323.0,402132.0,311032.0
hLgIghY-FGc,2017-11-18T07:13:05.000Z,818533.0,42798.0,855.0,5748.0,5144040.0,4325507.0
9Tb3xPmr3yg,2017-11-19T15:44:28.000Z,88952.0,591.0,59.0,594.0,93796.0,4844.0
NNywashg_mw,2017-11-19T14:10:10.000Z,41824.0,212.0,42.0,116.0,44888.0,3064.0
5n9xafjynJA,2017-11-17T06:27:36.000Z,2175978.0,37009.0,915.0,5657.0,2565238.0,389260.0
UrSxvUc5R6Q,2017-11-18T19:42:33.000Z,44805.0,1496.0,106.0,1098.0,83869.0,39064.0
wc4v9uT6GWc,2017-11-19T17:22:39.000Z,24715.0,180.0,28.0,152.0,26483.0,1768.0
Q11GPMvTxQE,2017-11-19T12:28:24.000Z,111349.0,662.0,72.0,611.0,115217.0,3868.0
ssVrzoCgr_w,2017-11-17T02:00:01.000Z,1675392.0,16239.0,746.0,1946.0,1946624.0,271232.0
wuEKwkTqdw4,2017-11-19T05:07:23.000Z,25203.0,263.0,355.0,688.0,26359.0,1156.0
n47bRyBKjsw,2017-11-18T20:00:10.000Z,50934.0,1349.0,40.0,138.0,108258.0,57324.0
r15_6z9xryo,2017-11-17T13:01:28.000Z,2533102.0,19731.0,2011.0,1903.0,18599138.0,16066036.0
fQvGSkTYJSE,2017-11-17T14:36:39.000Z,836305.0,9164.0,664.0,3133.0,1376849.0,540544.0
eKwAib6LosM,2017-11-17T05:00:01.000Z,474712.0,17620.0,202.0,922.0,7182075.0,6707363.0
KkhR9z6pAMs,2013-03-22T22:46:47.000Z,5464.0,13.0,1.0,2.0,7705.0,2241.0
NSgMcs1KdTI,2017-11-17T15:50:58.000Z,22607.0,1472.0,22.0,91.0,268459.0,245852.0
5PB2YzNddI8,2017-11-17T05:00:00.000Z,612279.0,29873.0,520.0,1458.0,2439204.0,1826925.0
YbHdBoHMxK4,2017-11-17T08:00:02.000Z,35511.0,2016.0,11.0,69.0,5266334.0,5230823.0
aHKzU_rXdw8,2017-11-17T08:02:57.000Z,129071.0,12681.0,83.0,789.0,1722160.0,1593089.0
WbYqfpnw7sE,2017-11-15T03:34:28.000Z,2885.0,3.0,0.0,2.0,4733.0,1848.0
rutlOmdgqgI,2017-11-17T08:00:06.000Z,7840.0,253.0,17.0,36.0,191562.0,183722.0
nUv22OHdjQU,2017-11-20T03:20:47.000Z,1819783.0,17552.0,6131.0,7955.0,4657945.0,2838162.0
fEjag-a7TyU,2017-11-20T13:40:31.000Z,1251416.0,10836.0,568.0,757.0,1316747.0,65331.0
3k6RD9zVvpE,2017-11-20T21:07:17.000Z,3203154.0,197222.0,1453.0,11330.0,13873334.0,10670180.0
-El8z4uy5Ac,2017-11-20T17:00:00.000Z,639982.0,16519.0,1243.0,1739.0,1110314.0,470332.0
w2Es7-c9GAk,2017-11-20T04:59:46.000Z,2049961.0,9814.0,2630.0,2153.0,2397831.0,347870.0
B-PVT_rclnM,2017-11-20T18:30:01.000Z,522265.0,25431.0,802.0,1171.0,1055421.0,533156.0
6LuHS7ZeSjE,2017-11-20T17:00:01.000Z,1112006.0,38196.0,1299.0,2436.0,3791812.0,2679806.0
R8hccXRk3MI,2017-11-20T11:00:03.000Z,639536.0,9718.0,1536.0,1004.0,726556.0,87020.0
wx-M8sxcOp8,2017-11-20T04:57:26.000Z,1462885.0,10301.0,751.0,4623.0,1811577.0,348692.0
3oXhLdeuxDw,2017-11-20T20:16:53.000Z,1112617.0,11645.0,362.0,1943.0,1323315.0,210698.0
aVpvVq_yZLM,2017-11-20T16:13:29.000Z,170075.0,696.0,849.0,1257.0,176552.0,6477.0
luZEZgZNFAg,2017-11-20T16:01:03.000Z,123251.0,3601.0,149.0,400.0,667135.0,543884.0
zOgle88sKro,2017-11-20T16:00:04.000Z,632018.0,22877.0,193.0,1065.0,803640.0,171622.0
YkLzdHTv3G0,2017-11-20T06:00:01.000Z,806660.0,37548.0,932.0,2027.0,923197.0,116537.0
FZ_jNGKCIWs,2017-11-20T16:04:02.000Z,128287.0,5310.0,490.0,1624.0,456345.0,328058.0
G_UHknhNbAQ,2017-11-20T13:01:34.000Z,651781.0,17478.0,604.0,2845.0,1278260.0,626479.0
iBy6XRHPODQ,2017-11-20T14:58:54.000Z,976530.0,22988.0,154.0,1665.0,1955893.0,979363.0
dLRZTBtdMUg,2017-11-20T19:13:47.000Z,206873.0,3362.0,128.0,144.0,243692.0,36819.0
vNya04dlC4I,2017-11-20T15:38:58.000Z,62644.0,198.0,281.0,236.0,76710.0,14066.0
ZkPSbp3zTfo,2017-11-19T07:13:11.000Z,3383838.0,63060.0,3779.0,7123.0,5709302.0,2325464.0
euaGS3tPRBw,2017-11-19T17:59:04.000Z,2143706.0,27662.0,2086.0,2934.0,3082520.0,938814.0
X_tYrnv_o6A,2017-11-20T15:00:02.000Z,502040.0,32735.0,236.0,4000.0,750909.0,248869.0
FaJmopuuhZE,2017-11-20T16:00:08.000Z,186119.0,4727.0,178.0,567.0,596975.0,410856.0
iatq3Rn4vsg,2017-11-20T13:00:04.000Z,364914.0,10007.0,187.0,1143.0,1645786.0,1280872.0
TIQqb80eg24,2017-11-20T04:45:11.000Z,2623238.0,119787.0,1975.0,10218.0,6219877.0,3596639.0
f45Va7jMSx4,2017-11-19T23:02:11.000Z,159384.0,4667.0,187.0,281.0,354269.0,194885.0
qv9Gt38LOKQ,2017-11-20T14:00:07.000Z,726679.0,25676.0,614.0,2624.0,1205570.0,478891.0
r4a5ZzHclCs,2017-11-20T13:47:06.000Z,56071.0,3074.0,51.0,273.0,119425.0,63354.0
Kn5UgGQukYQ,2016-10-14T21:14:51.000Z,37346.0,0.0,0.0,0.0,42420.0,5074.0
uLHygq6Mm-0,2017-11-20T17:08:25.000Z,88667.0,1120.0,58.0,207.0,117937.0,29270.0
aD5dCMBeySA,2017-11-20T14:04:16.000Z,154224.0,1584.0,63.0,272.0,233255.0,79031.0
U44YLdW9AL4,2017-11-19T12:35:07.000Z,270360.0,11727.0,359.0,1685.0,466269.0,195909.0
cyhU06cXfeU,2017-11-19T19:28:53.000Z,1456636.0,93590.0,895.0,15339.0,2215396.0,758760.0
Djxjmq9pvrM,2017-11-19T17:00:01.000Z,166906.0,4418.0,226.0,399.0,214637.0,47731.0
KQkkgD2p3Ow,2017-11-20T16:00:02.000Z,410133.0,7726.0,606.0,1097.0,1895616.0,1485483.0
caN18WcW5XU,2017-11-20T01:45:52.000Z,140887.0,1659.0,41.0,127.0,142663.0,1776.0
j7I-d1B6HwE,2017-11-20T05:33:03.000Z,139186.0,371.0,124.0,88.0,151934.0,12748.0
VMRIc4ayRlM,2017-11-19T19:48:04.000Z,108845.0,3131.0,477.0,3530.0,146443.0,37598.0
6SjslBAJkJI,2017-11-19T17:59:32.000Z,382766.0,13924.0,211.0,894.0,1789515.0,1406749.0
WeOwqu6gOPs,2017-11-20T10:23:00.000Z,247842.0,10893.0,76.0,373.0,558215.0,310373.0
F86S9Uc4mP4,2017-11-18T21:00:00.000Z,1080069.0,9673.0,857.0,4038.0,1796256.0,716187.0
ZvdTNDMru78,2017-11-20T00:00:01.000Z,16456.0,299.0,44.0,40.0,116864.0,100408.0
Q1EgRiVdT5w,2017-11-19T18:00:03.000Z,178433.0,7481.0,249.0,342.0,245629.0,67196.0
nenhv6uTdmw,2017-11-20T17:01:04.000Z,9454.0,267.0,36.0,43.0,250448.0,240994.0
c8DogLWrs90,2017-11-20T18:00:13.000Z,43651.0,1411.0,49.0,148.0,82238.0,38587.0
jPkRGHivRD8,2017-11-19T01:00:01.000Z,90923.0,3722.0,192.0,563.0,129093.0,38170.0
wPib0uRFmC0,2017-11-18T20:42:04.000Z,122974.0,6200.0,41.0,401.0,169485.0,46511.0
b6fepBtNgVM,2017-11-18T17:00:04.000Z,1225591.0,108292.0,447.0,4668.0,8432521.0,7206930.0
k_YtadXMmD4,2017-11-17T01:26:18.000Z,149005.0,351.0,6.0,21.0,349929.0,200924.0
3jtjkXSvuJw,2017-11-17T22:40:58.000Z,93494.0,6975.0,28.0,688.0,330294.0,236800.0
D-dwmYeLLng,2017-11-16T14:01:50.000Z,913756.0,67288.0,1561.0,2925.0,4325473.0,3411717.0
P1-UTlnjeVg,2017-11-17T14:59:45.000Z,68625.0,3269.0,60.0,376.0,521669.0,453044.0
JYnNlHQzYTY,2017-11-15T23:00:01.000Z,373105.0,11555.0,264.0,1097.0,734420.0,361315.0
p3MjsrMNCbU,2017-11-16T20:30:00.000Z,156243.0,7399.0,92.0,761.0,1778193.0,1621950.0
_EvMYEfF_hQ,2017-11-21T17:00:22.000Z,13025011.0,436454.0,9298.0,31464.0,23387394.0,10362383.0
EBt_88nxG4c,2017-11-21T14:00:02.000Z,21545253.0,504791.0,21898.0,34879.0,99480195.0,77934942.0
G4BxOhJOmUw,2017-11-21T16:16:11.000Z,1499698.0,38757.0,952.0,3678.0,2874906.0,1375208.0
-SIp6xSP7ds,2017-11-21T12:35:39.000Z,540227.0,2533.0,1212.0,1766.0,599017.0,58790.0
0Rt329xQUjM,2017-11-21T16:56:15.000Z,352742.0,11503.0,214.0,1161.0,1901876.0,1549134.0
OU9IwxU7N78,2017-11-21T20:24:19.000Z,680569.0,13802.0,458.0,1351.0,1576828.0,896259.0
vkHGedqmIPc,2017-11-21T20:25:18.000Z,258814.0,14865.0,281.0,1095.0,300688.0,41874.0
CxC161GvMPc,2017-11-21T16:03:42.000Z,479201.0,19812.0,397.0,1311.0,963757.0,484556.0
eZQdQ5pV6EE,2017-11-21T13:18:50.000Z,506698.0,28537.0,441.0,4351.0,741081.0,234383.0
4L-BPQVZYXM,2017-11-21T19:52:07.000Z,1543548.0,54190.0,1296.0,5941.0,2113375.0,569827.0
6NAISxSPVSQ,2017-11-21T14:00:00.000Z,1002131.0,16443.0,598.0,811.0,4039774.0,3037643.0
G_Pu00NmJfg,2017-11-21T16:04:29.000Z,453170.0,10802.0,228.0,1087.0,1384588.0,931418.0
0dSR-9mtuzk,2017-11-22T01:30:05.000Z,557538.0,14416.0,231.0,631.0,956572.0,399034.0
80GNn_eIOhI,2017-11-21T17:00:23.000Z,734594.0,40170.0,397.0,2182.0,6195050.0,5460456.0
OPaybxgucww,2017-11-21T18:00:01.000Z,1152064.0,41379.0,920.0,1323.0,3913896.0,2761832.0
uU3kLBo_ruo,2017-11-21T15:30:02.000Z,592459.0,25680.0,1574.0,4994.0,1210601.0,618142.0
bAfn2duIlN8,2017-11-21T19:39:43.000Z,193223.0,8141.0,302.0,1226.0,301063.0,107840.0
aZdkR_WhA5Q,2017-11-20T18:01:12.000Z,1590640.0,49590.0,2019.0,1842.0,4298196.0,2707556.0
BQC09Mdn24w,2017-11-21T23:40:15.000Z,536419.0,32725.0,1575.0,3814.0,1026463.0,490044.0
EbuCLC_wVlM,2017-11-21T14:54:23.000Z,447310.0,16829.0,182.0,538.0,1605069.0,1157759.0
fbL1ZoAQgUU,2017-11-20T19:34:42.000Z,1248469.0,9536.0,397.0,2319.0,1837775.0,589306.0
VUBxPuyUD7w,2017-11-21T03:42:08.000Z,210815.0,5231.0,73.0,728.0,744294.0,533479.0
vSRAOvhFF1I,2017-11-21T19:59:24.000Z,96440.0,8775.0,113.0,413.0,138519.0,42079.0
HL3wvhv9QGg,2017-11-21T12:00:01.000Z,54392.0,470.0,19.0,44.0,300654.0,246262.0
7Bgj9c48zHU,2017-11-21T17:44:17.000Z,119519.0,13367.0,104.0,4295.0,335089.0,215570.0
i2ZHwnKVXK0,2017-11-21T18:00:06.000Z,172205.0,5474.0,91.0,366.0,1919991.0,1747786.0
A8QY1IRPGTY,2017-11-21T15:59:07.000Z,84428.0,557.0,53.0,363.0,132184.0,47756.0
y86ymJNswlE,2017-11-21T03:59:12.000Z,183369.0,11717.0,92.0,548.0,316404.0,133035.0
kKFNThEiilU,2017-11-21T02:30:47.000Z,163043.0,1456.0,396.0,621.0,169970.0,6927.0
lJM8qqEy35c,2017-11-22T02:01:28.000Z,225463.0,946.0,91.0,895.0,234770.0,9307.0
k3tWCZu42PQ,2017-11-21T18:19:47.000Z,7576.0,51.0,34.0,108.0,11118.0,3542.0
MVes87KrWvs,2017-11-20T23:15:34.000Z,210065.0,23366.0,338.0,1075.0,339251.0,129186.0
ajBJamgZ2nc,2017-11-21T09:35:00.000Z,114518.0,1721.0,43.0,141.0,213837.0,99319.0
YcCrw6d3UX4,2017-11-21T19:18:02.000Z,6183.0,56.0,29.0,54.0,6485.0,302.0
XHkAjUVoQME,2017-11-15T08:02:08.000Z,270597.0,3747.0,77.0,244.0,388076.0,117479.0
Nt4tJHp27u0,2017-11-21T06:49:17.000Z,139393.0,8735.0,181.0,1061.0,156557.0,17164.0
41kp6qN1Crg,2017-11-20T23:39:49.000Z,146487.0,2270.0,25.0,65.0,348912.0,202425.0
7COF8AhH9Z8,2017-11-21T16:16:18.000Z,30156.0,203.0,46.0,301.0,34358.0,4202.0
k-qUBZWor4I,2017-11-21T00:24:05.000Z,13016.0,18.0,8.0,52.0,13935.0,919.0
FrK2j4cPxSc,2017-11-21T21:56:06.000Z,3892.0,35.0,14.0,91.0,8043.0,4151.0
c9m52-psUmw,2016-06-02T23:05:57.000Z,9078.0,28.0,9.0,7.0,13959.0,4881.0
YRRczTwopgA,2017-11-20T16:31:23.000Z,34059.0,2183.0,375.0,622.0,50698.0,16639.0
RZU5HebzuP4,2017-11-18T17:56:32.000Z,58619.0,263.0,24.0,20.0,82525.0,23906.0
HHtfcjwHERA,2017-11-15T17:00:04.000Z,5160.0,152.0,11.0,15.0,30567.0,25407.0
EsBjHXCG4Us,2017-11-17T17:00:03.000Z,527531.0,10200.0,540.0,2197.0,876292.0,348761.0
pi0ePRY7TSc,2017-11-16T02:00:03.000Z,451381.0,3110.0,14575.0,3095.0,498919.0,47538.0
cHB_s970Uyw,2017-11-22T15:00:17.000Z,5950405.0,147608.0,5953.0,17901.0,6737413.0,787008.0
Z1rZAT2GtmI,2017-11-22T18:30:01.000Z,2366705.0,50495.0,3313.0,5179.0,4449283.0,2082578.0
OHOkdEBpwDc,2017-11-21T22:17:28.000Z,1998883.0,94430.0,2841.0,16939.0,2128592.0,129709.0
l7VfDVVxiMM,2017-11-22T12:00:02.000Z,589827.0,11839.0,1815.0,4413.0,1611552.0,1021725.0
V3EYjVPRClU,2017-11-22T16:00:02.000Z,5557499.0,161177.0,7360.0,14270.0,32666897.0,27109398.0
zYX1bgxEAhw,2017-11-22T03:30:23.000Z,1047573.0,28418.0,1186.0,0.0,1336120.0,288547.0
I8TVdFbFMg4,2017-11-22T17:17:34.000Z,930513.0,17044.0,1136.0,1586.0,984317.0,53804.0
VfAOl67WcLY,2017-11-22T18:00:02.000Z,1289314.0,39813.0,1535.0,2030.0,3063051.0,1773737.0
mewW_pRSgEc,2017-11-22T02:00:01.000Z,1558898.0,17640.0,1173.0,2935.0,1784509.0,225611.0
89PKbJ2NAqc,2017-11-22T04:47:15.000Z,1134859.0,21876.0,391.0,1067.0,16021336.0,14886477.0
I6N-XuYllgA,2017-11-22T17:00:41.000Z,2319083.0,98929.0,1251.0,4541.0,6393805.0,4074722.0
J6iyX87SBP0,2017-11-22T14:00:01.000Z,349102.0,3834.0,966.0,711.0,414713.0,65611.0
Up09AUDzLVI,2017-11-22T14:00:05.000Z,286704.0,10933.0,231.0,2386.0,578875.0,292171.0
KFaMZUarksA,2017-11-21T22:15:36.000Z,3873702.0,149246.0,2314.0,9929.0,11538645.0,7664943.0
2Nlo2ekTRvI,2017-11-21T16:07:26.000Z,2303131.0,42395.0,2237.0,6802.0,3478767.0,1175636.0
CzmIrPvIzxk,2017-11-21T18:00:01.000Z,2819213.0,54017.0,1734.0,6646.0,4340797.0,1521584.0
9efQnL-nlUg,2017-11-22T17:32:18.000Z,552694.0,15642.0,586.0,1559.0,619422.0,66728.0
5TLANg1GC7U,2017-11-22T00:27:45.000Z,3322855.0,79652.0,1543.0,7945.0,9522024.0,6199169.0
fIElFIuzGLI,2017-11-22T18:12:42.000Z,285437.0,6715.0,1042.0,1440.0,343347.0,57910.0
taxAD2LePy8,2017-11-22T04:27:52.000Z,436638.0,37923.0,485.0,3722.0,738167.0,301529.0
1dQEfL2BfUM,2017-11-22T15:00:00.000Z,279714.0,17440.0,320.0,764.0,439816.0,160102.0
CKPMAICRYuw,2017-11-22T14:00:02.000Z,554250.0,9325.0,180.0,459.0,1067813.0,513563.0
pDf5sHgvo0A,2017-11-22T02:21:28.000Z,707164.0,11709.0,1044.0,3676.0,1524623.0,817459.0
mH-Sx0lEGjA,2017-11-22T09:35:00.000Z,461918.0,14478.0,135.0,956.0,1098360.0,636442.0
TSW9cla5bmw,2017-11-22T08:35:00.000Z,142076.0,1942.0,87.0,203.0,262124.0,120048.0
puREqwXzyCI,2017-11-22T19:30:02.000Z,224381.0,12946.0,1013.0,1841.0,269835.0,45454.0
LqSkYMmyUWU,2015-10-13T08:25:49.000Z,500154.0,9613.0,173.0,1104.0,755018.0,254864.0
M6LTqtYKDtI,2017-11-21T15:00:16.000Z,1420335.0,51801.0,1441.0,3499.0,7208065.0,5787730.0
3IaL0li-LWU,2017-11-22T15:04:44.000Z,219585.0,4512.0,903.0,4952.0,226813.0,7228.0
vFK7oWLWapc,2017-11-22T03:08:55.000Z,338425.0,10947.0,2133.0,2991.0,685847.0,347422.0
Da2crn5NXc4,2017-11-22T18:00:02.000Z,1018706.0,68667.0,2854.0,984.0,1347151.0,328445.0
GyvRamX1VyA,2017-11-21T21:38:54.000Z,480162.0,17538.0,325.0,1389.0,5746847.0,5266685.0
Yq4_YocuVeg,2017-11-22T16:01:20.000Z,116657.0,2162.0,47.0,207.0,311750.0,195093.0
0PW9MWDWLH8,2017-11-22T08:23:18.000Z,150117.0,11143.0,64.0,899.0,178616.0,28499.0
SJUhFjNfaZY,2017-10-17T15:31:08.000Z,72728.0,502.0,43.0,74.0,87509.0,14781.0
TfHJJeiS-aI,2017-11-22T06:18:38.000Z,199922.0,2013.0,55.0,147.0,454418.0,254496.0
leFNoUJmJ9o,2017-11-22T01:14:10.000Z,26940.0,1933.0,11.0,319.0,92597.0,65657.0
X5DWRXTOUD0,2017-11-21T23:32:56.000Z,748102.0,47024.0,1670.0,3775.0,1228262.0,480160.0
Zxag9p-63RU,2017-11-22T14:08:18.000Z,1484851.0,6093.0,304.0,601.0,4016806.0,2531955.0
FaxqVBYVOVU,2017-11-22T02:46:07.000Z,246989.0,8801.0,101.0,712.0,1135133.0,888144.0
HszBf-CJeVE,2017-11-21T17:51:10.000Z,1485868.0,64074.0,738.0,3230.0,4565680.0,3079812.0
FTv-CE43PpM,2017-11-21T19:47:18.000Z,93534.0,1986.0,225.0,857.0,115381.0,21847.0
UQHSK-kgONk,2017-11-21T18:50:21.000Z,279046.0,5342.0,83.0,342.0,1484434.0,1205388.0
_akwfRuL4os,2017-11-21T19:29:03.000Z,307975.0,9093.0,225.0,2172.0,346458.0,38483.0
XcUiOyKclOI,2017-11-21T15:56:31.000Z,125128.0,4623.0,49.0,305.0,720326.0,595198.0
CWrjDoEBQsw,2017-11-21T15:59:21.000Z,612653.0,23052.0,301.0,2125.0,948244.0,335591.0
pmdVVDkvJXU,2017-11-21T15:00:05.000Z,94892.0,1503.0,16.0,288.0,199993.0,105101.0
Yhea380bYp0,2017-11-21T19:02:57.000Z,221395.0,18407.0,185.0,1298.0,591234.0,369839.0
8HTdbCohTXY,2017-11-22T11:22:07.000Z,22974.0,276.0,170.0,654.0,25429.0,2455.0
7cTi6PHUqMw,2017-11-21T17:00:14.000Z,40840.0,1435.0,86.0,824.0,43984.0,3144.0
WKcYTvyoidw,2017-11-21T20:00:02.000Z,45774.0,1100.0,56.0,297.0,58492.0,12718.0
NYizLfEYKuY,2017-11-20T15:00:03.000Z,195525.0,2205.0,148.0,231.0,1191392.0,995867.0
2a52cBN9qOA,2017-11-21T17:26:32.000Z,2232.0,12.0,3.0,19.0,3717.0,1485.0
v6d1rShfyZk,2017-11-21T16:02:44.000Z,4386.0,2.0,2.0,1.0,16113.0,11727.0
mN4JWnTOSmg,2017-11-19T20:23:56.000Z,27571.0,286.0,6.0,41.0,147380.0,119809.0
t5SXnaaOJfY,2017-11-20T05:46:11.000Z,82123.0,258.0,98.0,107.0,111356.0,29233.0
SW3X7-gk8q0,2017-11-20T05:00:02.000Z,437509.0,36907.0,306.0,4449.0,1162084.0,724575.0
qvLyNeMGdR4,2016-12-28T05:34:48.000Z,1689.0,7.0,0.0,2.0,2372.0,683.0
XisRqF3ympA,2017-11-20T16:00:01.000Z,15787.0,410.0,13.0,81.0,33922.0,18135.0
VjEyUUQP1s8,2017-11-17T21:18:38.000Z,3643.0,159.0,1.0,20.0,5970.0,2327.0
5HUCAF6898w,2017-11-20T18:00:00.000Z,2367.0,55.0,1.0,4.0,11715.0,9348.0
rovAxg5A48Q,2017-11-07T09:32:06.000Z,5584.0,38.0,2.0,10.0,7808.0,2224.0
nkXGohB02V0,2017-11-23T13:04:34.000Z,1113089.0,33670.0,794.0,1422.0,2245929.0,1132840.0
wV7RsaTY228,2017-11-23T12:00:08.000Z,631374.0,13097.0,11270.0,3119.0,1549733.0,918359.0
9VH4yQrU_SY,2017-11-23T11:00:02.000Z,184579.0,2565.0,84.0,242.0,1405320.0,1220741.0
1lGHZ5NMHRY,2017-11-22T20:00:01.000Z,4979612.0,46680.0,11703.0,0.0,10806657.0,5827045.0
Wen6VQS6NG4,2017-11-23T02:47:34.000Z,975232.0,20140.0,1954.0,2172.0,1873351.0,898119.0
JaNmH8A-4NM,2017-11-22T02:59:55.000Z,1057014.0,18934.0,692.0,2157.0,1168766.0,111752.0
s7wLPGmnahE,2017-11-22T14:46:57.000Z,297279.0,1733.0,245.0,169.0,401487.0,104208.0
KIFiLnPHUoM,2017-11-22T19:30:01.000Z,2805.0,52.0,7.0,8.0,4345.0,1540.0
aXLS_WDIugk,2016-11-10T19:37:00.000Z,17716.0,49.0,2.0,2.0,36208.0,18492.0
a9i2wTxsxV0,2015-09-21T23:40:45.000Z,6122.0,16.0,0.0,8.0,8060.0,1938.0
avDL9JRcmgs,2017-11-13T14:39:03.000Z,5696.0,8.0,0.0,1.0,19844.0,14148.0
TncLBbJ8SZo,2017-11-20T17:48:24.000Z,14175.0,344.0,13.0,106.0,15708.0,1533.0
mqbwgqoF64Q,2017-11-20T06:46:13.000Z,5169.0,27.0,0.0,4.0,15598.0,10429.0
LmO1y1ISuak,2017-11-20T00:39:48.000Z,51186.0,2106.0,22.0,320.0,62930.0,11744.0
xGz_FZ0ePwE,2017-11-24T16:04:33.000Z,1244459.0,17517.0,3671.0,8002.0,1759791.0,515332.0
kTlv5_Bs8aw,2017-11-24T09:00:02.000Z,36857298.0,2729292.0,47896.0,546100.0,338303739.0,301446441.0
LgmxMuW6Fsc,2017-11-23T20:04:44.000Z,7967275.0,91200.0,4803.0,5805.0,13759219.0,5791944.0
AcoALQl7jfA,2017-11-24T11:00:03.000Z,415263.0,4192.0,474.0,631.0,523088.0,107825.0
kn4kBibdlWA,2017-11-24T05:59:01.000Z,784451.0,6845.0,772.0,758.0,1924905.0,1140454.0
uUvgMnzplt4,2017-11-23T21:00:59.000Z,2263186.0,144938.0,1736.0,11631.0,5187254.0,2924068.0
IumYMCllMsM,2017-11-23T11:08:00.000Z,3202879.0,110088.0,1728.0,3623.0,91184154.0,87981275.0
hGoQ44SfV-c,2017-11-24T11:54:11.000Z,714359.0,9635.0,808.0,2025.0,1706853.0,992494.0
UiWGp8dFr5k,2017-11-23T09:35:00.000Z,333626.0,3264.0,286.0,367.0,523347.0,189721.0
_r9GPgvN8As,2017-11-23T00:00:26.000Z,769805.0,7621.0,481.0,979.0,1404056.0,634251.0
yTyLXFAIfOI,2017-11-23T16:00:05.000Z,52109.0,1411.0,50.0,164.0,315755.0,263646.0
PE7ZhHirBFk,2017-11-22T13:34:51.000Z,22786.0,1349.0,25.0,221.0,34255.0,11469.0
VdugkldCx10,2017-11-21T20:00:01.000Z,284176.0,9477.0,271.0,532.0,2895299.0,2611123.0
wFEAoF7RC7Y,2008-06-17T00:07:56.000Z,86897.0,469.0,4.0,106.0,96478.0,9581.0
MfLcjWq6m9o,2017-11-22T10:00:01.000Z,29725.0,872.0,34.0,47.0,75512.0,45787.0
RO41_2cWSXA,2017-11-22T01:59:57.000Z,28607.0,2098.0,91.0,359.0,62416.0,33809.0
QY83PJXQYXc,2017-11-22T02:22:03.000Z,28091.0,1614.0,44.0,260.0,46139.0,18048.0
QME3eyBXqpU,2017-11-21T21:17:44.000Z,327739.0,6231.0,52.0,160.0,409534.0,81795.0
yef_HfQoBd8,2017-11-25T14:30:01.000Z,1776191.0,21783.0,1286.0,2426.0,3126193.0,1350002.0
JANApS0P4z8,2017-11-25T15:00:03.000Z,2952730.0,117504.0,4117.0,7050.0,5119652.0,2166922.0
CzCfd0eaWoA,2017-11-25T19:10:01.000Z,1361969.0,90736.0,1102.0,8234.0,1775461.0,413492.0
nGv8FK28g4s,2017-11-25T21:00:01.000Z,402509.0,14694.0,812.0,1561.0,541702.0,139193.0
AxWxJNHoLC8,2017-11-25T22:00:07.000Z,819692.0,19897.0,1597.0,2355.0,1077836.0,258144.0
qKh7JdoPZz4,2017-11-25T21:07:04.000Z,294007.0,29017.0,251.0,6890.0,784637.0,490630.0
dHDn26UX4aw,2017-11-24T19:06:37.000Z,872663.0,12449.0,1267.0,1857.0,926355.0,53692.0
gwrfwx1QcDQ,2017-11-24T21:06:50.000Z,2127874.0,286258.0,1796.0,44520.0,4325721.0,2197847.0
hXzcIoq2ing,2017-11-24T18:35:34.000Z,633103.0,23991.0,820.0,2582.0,1011142.0,378039.0
U22EEAK_VLc,2017-11-25T17:38:50.000Z,148590.0,5182.0,169.0,270.0,184001.0,35411.0
VQdKe6_3PAU,2017-11-25T02:51:47.000Z,145560.0,5114.0,232.0,670.0,393383.0,247823.0
jLZuaFZWa7A,2017-11-24T20:30:01.000Z,746691.0,19242.0,961.0,3050.0,1453509.0,706818.0
xArN1yUcXXc,2017-11-25T18:00:04.000Z,189308.0,2394.0,362.0,263.0,771384.0,582076.0
aobdrJr6UaE,2017-11-25T20:30:00.000Z,123804.0,4136.0,463.0,519.0,165888.0,42084.0
AFZZNlog8sA,2017-11-24T16:30:36.000Z,28434.0,387.0,32.0,45.0,294403.0,265969.0
07bTt0BTi-U,2017-11-23T02:12:48.000Z,729500.0,22885.0,751.0,3235.0,2117747.0,1388247.0
uO_8d1t5Xh4,2017-11-22T01:25:35.000Z,832700.0,28956.0,131.0,752.0,2771850.0,1939150.0
tj3EKWwIulQ,2017-11-22T19:00:16.000Z,4050.0,0.0,0.0,0.0,20095.0,16045.0
Ft-cmkjgOlk,2017-11-22T15:48:04.000Z,23393.0,226.0,29.0,75.0,2106348.0,2082955.0
Y8JGfi4MJ8k,2008-08-07T12:16:58.000Z,26830.0,79.0,1.0,8.0,33590.0,6760.0
qXivpclxftM,2017-11-25T19:10:42.000Z,3558563.0,221868.0,4678.0,26660.0,8593011.0,5034448.0
wppAQ8uZpfQ,2017-11-26T17:00:06.000Z,644576.0,29669.0,4862.0,4963.0,940045.0,295469.0
515lLZS082U,2017-11-27T03:00:21.000Z,4046720.0,68563.0,3222.0,3700.0,15896103.0,11849383.0
iA5u80nS1PQ,2017-11-25T20:09:25.000Z,1339398.0,39094.0,1471.0,3810.0,4420547.0,3081149.0
H-kKZujl8CI,2017-11-26T13:22:34.000Z,520636.0,1005.0,395.0,261.0,535168.0,14532.0
F1b5ouja_VI,2017-11-25T19:00:34.000Z,701874.0,40666.0,528.0,1908.0,1403458.0,701584.0
pmS2oJQ8SIs,2017-11-25T18:32:33.000Z,116336.0,441.0,233.0,229.0,122675.0,6339.0
VSJ0STT8JRw,2017-11-25T17:30:01.000Z,768647.0,26303.0,841.0,2316.0,1733231.0,964584.0
sfweKCYOPFc,2017-11-25T18:00:47.000Z,295048.0,2338.0,2221.0,499.0,770759.0,475711.0
Bzji05zubSc,2017-11-26T03:11:00.000Z,737415.0,4136.0,393.0,1314.0,895758.0,158343.0
f9psILoYmCc,2017-11-26T04:00:04.000Z,965328.0,20934.0,699.0,64.0,1544295.0,578967.0
_6uvQtccJss,2017-11-25T18:55:42.000Z,1281002.0,74074.0,1208.0,50319.0,1692437.0,411435.0
uPyLIBSVrMw,2017-11-25T15:12:26.000Z,1686243.0,133400.0,530.0,23864.0,2999329.0,1313086.0
t4ZsyO1n-kA,2017-11-25T15:05:10.000Z,1058992.0,22551.0,284.0,1296.0,1786991.0,727999.0
dpLrlEBFq-0,2017-11-24T18:30:01.000Z,5827999.0,223308.0,8472.0,13866.0,21327371.0,15499372.0
VoAzRs3sE70,2017-11-25T16:00:02.000Z,268241.0,5446.0,330.0,392.0,1029639.0,761398.0
VUbsFtLkGN8,2017-11-24T13:00:06.000Z,831957.0,24840.0,1128.0,3651.0,1867915.0,1035958.0
5WUDfviiKRE,2011-03-01T04:14:08.000Z,22695.0,108.0,312.0,203.0,23109.0,414.0
PtNRJvsLHV0,2017-11-24T12:02:10.000Z,18897.0,314.0,48.0,34.0,183747.0,164850.0
npcqBt_e4k0,2017-11-23T05:00:03.000Z,553734.0,6428.0,161.0,586.0,1843151.0,1289417.0
MU29Wqg_BVo,2017-11-22T15:01:16.000Z,76351.0,5508.0,29.0,345.0,496543.0,420192.0
gO_QM9oUcM0,2012-02-13T08:18:13.000Z,87215.0,407.0,27.0,140.0,161150.0,73935.0
Xk_Gv89jzas,2017-11-20T20:33:38.000Z,4524.0,44.0,7.0,9.0,6742.0,2218.0
THr_seahKUI,2017-11-27T14:17:59.000Z,2304379.0,35108.0,24731.0,19012.0,2994197.0,689818.0
uZ1M3DkKCEI,2017-11-27T14:00:43.000Z,6877412.0,208531.0,11055.0,14351.0,25006006.0,18128594.0
5qxqo2CQakA,2017-11-27T17:00:00.000Z,1429023.0,33689.0,8370.0,3057.0,3371890.0,1942867.0
UVaeRX9LybU,2017-11-27T17:42:18.000Z,1161776.0,60228.0,1976.0,11940.0,1536661.0,374885.0
NKin_i1pcFA,2017-11-27T17:00:48.000Z,1457307.0,29851.0,1032.0,7918.0,2544710.0,1087403.0
QzfnWcHhdyQ,2017-11-27T05:22:00.000Z,1172709.0,11033.0,958.0,3510.0,2142287.0,969578.0
UqItlHUSN-4,2017-11-27T15:00:54.000Z,3513086.0,118784.0,3594.0,11060.0,15548084.0,12034998.0
f3uZxD39awA,2017-11-27T16:14:14.000Z,502681.0,2699.0,1854.0,2193.0,588471.0,85790.0
2mrOcJNPxEc,2017-11-27T13:50:01.000Z,204915.0,1179.0,421.0,1025.0,266779.0,61864.0
GBhrvR838Ag,2017-11-27T18:48:15.000Z,169022.0,1250.0,705.0,1169.0,180350.0,11328.0
w2A8q3XIhu0,2017-11-27T16:00:04.000Z,556475.0,23837.0,275.0,1322.0,740582.0,184107.0
2fGXDFiFBhg,2017-11-26T15:59:15.000Z,5068126.0,206489.0,18261.0,51847.0,9716889.0,4648763.0
LQicq60aJaw,2017-11-27T19:38:39.000Z,1218771.0,8737.0,1004.0,3906.0,8939617.0,7720846.0
o7OwzKm8aa0,2017-11-27T18:35:39.000Z,302703.0,22861.0,447.0,1896.0,444886.0,142183.0
sOIBkZsGb0A,2017-11-27T16:00:06.000Z,168118.0,5670.0,399.0,614.0,237470.0,69352.0
QssLKnUk6pg,2017-11-27T17:40:44.000Z,249973.0,4414.0,180.0,491.0,291642.0,41669.0
lOT0GOyw2pY,2017-11-27T11:00:02.000Z,695072.0,18723.0,2365.0,4784.0,1257072.0,562000.0
d-NCySETRIc,2017-11-26T22:00:01.000Z,486240.0,7073.0,174.0,637.0,933492.0,447252.0
m7CtnR47w20,2017-11-27T17:18:29.000Z,311117.0,19172.0,255.0,1698.0,553215.0,242098.0
KrxDhokzEv4,2017-11-27T15:27:42.000Z,759274.0,24368.0,837.0,4077.0,1498136.0,738862.0
IOuFE-6Awos,2017-11-27T14:00:02.000Z,1548962.0,122670.0,1421.0,15016.0,12532285.0,10983323.0
X26e3rK5SSM,2017-11-26T03:30:23.000Z,980944.0,8335.0,2517.0,5304.0,1569744.0,588800.0
bkwLxcfcKTY,2017-11-27T14:39:18.000Z,49313.0,2466.0,74.0,291.0,69164.0,19851.0
XAzqBDFs418,2017-11-27T21:17:31.000Z,1752883.0,137210.0,1198.0,6341.0,5971194.0,4218311.0
AV5TOlGFHk0,2017-11-26T16:00:03.000Z,145213.0,4314.0,435.0,3769.0,147436.0,2223.0
aQzai9oXb-g,2017-11-26T22:30:52.000Z,464544.0,17398.0,304.0,1077.0,673738.0,209194.0
VKW64fQwzRc,2017-11-27T11:57:50.000Z,53812.0,423.0,34.0,324.0,101477.0,47665.0
SCR1KeLDZxw,2017-11-27T16:00:02.000Z,24907.0,611.0,42.0,98.0,55769.0,30862.0
8pffcngJJq0,2017-11-26T10:13:26.000Z,933117.0,514.0,127.0,0.0,1372469.0,439352.0
f0H4h0sfZIU,2017-11-25T18:23:17.000Z,27779.0,49.0,7.0,34.0,69784.0,42005.0
wgiW1uFZYr8,2017-11-25T22:44:41.000Z,169915.0,7518.0,152.0,793.0,1062943.0,893028.0
2UPIKvHp_m8,2017-11-26T16:16:16.000Z,4040.0,19.0,3.0,0.0,4233.0,193.0
2nshBD9EbxE,2017-11-23T16:00:00.000Z,1547962.0,37947.0,763.0,1827.0,10071141.0,8523179.0
zbV1zyg_4qU,2017-11-02T13:09:36.000Z,6890.0,199.0,9.0,72.0,161231.0,154341.0
JcC5VGOx8I8,2017-11-24T00:00:01.000Z,1728219.0,80272.0,425.0,1846.0,19342233.0,17614014.0
ir8UofAKNCM,2017-11-24T15:55:31.000Z,245735.0,10444.0,127.0,1101.0,2763812.0,2518077.0
gm5P74vcB84,2017-11-24T11:13:40.000Z,47178.0,1541.0,27.0,148.0,154480.0,107302.0
ilaSwO2fx40,2017-11-22T16:59:54.000Z,334148.0,1746.0,134.0,1442.0,566590.0,232442.0
qgGooEyeNNc,2017-11-22T18:12:15.000Z,651268.0,52910.0,245.0,2615.0,1662971.0,1011703.0
Wiq7z_HS5DY,2017-11-22T22:22:36.000Z,15870.0,910.0,41.0,80.0,147901.0,132031.0
lR-oJvKJyUY,2017-11-20T20:01:07.000Z,1273655.0,26473.0,1380.0,3106.0,4808059.0,3534404.0
Dkut3XLIVrI,2017-11-21T22:13:49.000Z,78674.0,4826.0,118.0,344.0,209074.0,130400.0
feDs1pIhTFQ,2017-11-21T16:43:05.000Z,90206.0,6419.0,34.0,443.0,507390.0,417184.0
EJ-4nFz5hjU,2017-11-28T20:00:00.000Z,3411173.0,277250.0,4991.0,28200.0,5010257.0,1599084.0
Z9cB0TjfIkM,2017-11-28T18:00:02.000Z,2109158.0,61175.0,1042.0,5289.0,4153773.0,2044615.0
a8gzChJsvEo,2017-11-28T17:11:19.000Z,1789817.0,38476.0,3328.0,6570.0,2490741.0,700924.0
ykHeGtN4m94,2017-11-28T21:28:53.000Z,3064780.0,76492.0,3305.0,5302.0,6533104.0,3468324.0
YL9sNrOlK-I,2017-11-28T16:00:03.000Z,3027415.0,31069.0,614.0,2060.0,4248288.0,1220873.0
lb0Ymam2Za0,2017-11-27T23:30:01.000Z,1329350.0,79918.0,2069.0,53182.0,1710341.0,380991.0
wa9ZyarpM2U,2017-11-27T20:00:09.000Z,1584020.0,36077.0,1603.0,3155.0,5600835.0,4016815.0
ljEjBIZ2qCQ,2017-11-28T19:22:55.000Z,329129.0,12736.0,396.0,1623.0,382487.0,53358.0
3XklsSF53pc,2017-11-28T12:00:00.000Z,931841.0,23398.0,617.0,1902.0,2752776.0,1820935.0
LeWtF5y9-6Q,2017-11-28T17:00:03.000Z,434727.0,10366.0,313.0,814.0,791830.0,357103.0
NqntFonA2iY,2017-11-28T19:26:57.000Z,657337.0,3014.0,7706.0,3313.0,802938.0,145601.0
nVrkQyLS4oE,2017-11-28T20:01:26.000Z,399330.0,28910.0,365.0,1517.0,531426.0,132096.0
jtVz0qxQM_U,2017-11-28T19:02:05.000Z,774304.0,73791.0,627.0,6770.0,3751993.0,2977689.0
LqF3QRp3VCE,2017-11-28T15:34:06.000Z,423039.0,6332.0,244.0,1321.0,488761.0,65722.0
d8GHT9nK66Y,2017-11-28T08:00:05.000Z,938879.0,16862.0,712.0,412.0,17319229.0,16380350.0
QgaYsdnOMiM,2017-11-28T16:00:38.000Z,640849.0,25613.0,310.0,2609.0,968251.0,327402.0
-1yT-K3c6YI,2017-11-28T18:30:43.000Z,231341.0,7734.0,212.0,846.0,630142.0,398801.0
exYLX9xGoyo,2017-11-28T14:58:28.000Z,652798.0,30378.0,284.0,5377.0,1364634.0,711836.0
0WPYpeJA__U,2017-11-28T12:59:47.000Z,35467.0,227.0,8.0,48.0,131987.0,96520.0
xe8Id7pDNOM,2017-11-28T14:00:04.000Z,322376.0,12291.0,261.0,2955.0,986830.0,664454.0
4FgV0yBZG6E,2017-11-29T05:06:35.000Z,375897.0,8088.0,293.0,631.0,1251321.0,875424.0
3MA_64gyaA0,2017-11-28T20:44:06.000Z,607415.0,19893.0,458.0,2263.0,1481492.0,874077.0
pDi7cezk9CA,2017-11-27T21:00:01.000Z,1275330.0,168189.0,3107.0,22931.0,3792997.0,2517667.0
BOQ-wZQhZZo,2017-11-28T13:00:28.000Z,151767.0,8473.0,63.0,573.0,5869930.0,5718163.0
JbQ4MwDdxSU,2017-11-28T05:02:37.000Z,620204.0,4774.0,268.0,1356.0,691823.0,71619.0
UXm1xHECZu0,2017-11-28T13:18:25.000Z,406960.0,27175.0,150.0,2350.0,1485925.0,1078965.0
aliDVYH08pg,2017-11-28T15:31:49.000Z,239592.0,7742.0,203.0,436.0,476874.0,237282.0
q9bGAAYR2MY,2017-11-28T20:22:30.000Z,135565.0,6425.0,245.0,498.0,469065.0,333500.0
e5IRkF20JmU,2017-11-27T23:00:02.000Z,478259.0,27027.0,531.0,10424.0,801046.0,322787.0
ngMbosIcDRo,2017-11-28T18:04:26.000Z,32548.0,579.0,68.0,669.0,45169.0,12621.0
al0lGtRpO5M,2017-11-28T17:00:06.000Z,71849.0,7625.0,25.0,1480.0,306449.0,234600.0
Wzvr_rtI82w,2017-11-28T00:58:09.000Z,1316758.0,147250.0,1028.0,39190.0,1616096.0,299338.0
8rWuGBPA7bE,2017-11-27T20:42:13.000Z,605918.0,5565.0,136.0,402.0,1587927.0,982009.0
6tiphMs-dCY,2017-11-27T18:00:04.000Z,1970963.0,68401.0,1793.0,2334.0,6567875.0,4596912.0
WLagbArQsuE,2017-11-27T19:57:14.000Z,657286.0,30831.0,354.0,1679.0,2389223.0,1731937.0
4iN6uiOsCr0,2017-11-28T20:02:18.000Z,96082.0,5724.0,42.0,3117.0,168676.0,72594.0
S2Cq_TpNXoQ,2017-11-28T14:00:04.000Z,122477.0,3997.0,204.0,431.0,444314.0,321837.0
Fjm81OPZbpU,2017-11-27T05:00:00.000Z,955104.0,32845.0,425.0,1728.0,8334690.0,7379586.0
VXFQWu55vO8,2017-11-28T02:38:03.000Z,58301.0,2351.0,170.0,625.0,253909.0,195608.0
w_b63zETbSs,2017-11-28T06:03:26.000Z,54208.0,462.0,98.0,70.0,101132.0,46924.0
hkFYWyy9Jek,2017-11-27T22:01:30.000Z,838508.0,85348.0,472.0,5907.0,1855438.0,1016930.0
OScBxa6FpCk,2017-11-27T17:08:35.000Z,182650.0,5994.0,76.0,725.0,855830.0,673180.0
hYip_Vuv8J0,2017-11-28T17:00:30.000Z,159322.0,5490.0,291.0,811.0,1719713.0,1560391.0
sw7RElt-SvE,2017-11-28T17:00:03.000Z,110360.0,2054.0,94.0,198.0,485611.0,375251.0
yF_EbNjQq3E,2017-11-28T05:40:49.000Z,23082.0,556.0,3.0,72.0,91926.0,68844.0
oBVr0nUC5AA,2017-11-28T16:46:38.000Z,24491.0,734.0,24.0,300.0,32854.0,8363.0
lQ9EpoaNQRc,2017-11-28T16:25:07.000Z,49017.0,375.0,1.0,38.0,247962.0,198945.0
jmqRuQGdhLs,2017-11-27T17:41:38.000Z,41722.0,262.0,22.0,37.0,79582.0,37860.0
_feQprPLL98,2017-11-28T11:21:37.000Z,186722.0,9773.0,41.0,422.0,641162.0,454440.0
rtJ7JTApIfM,2017-11-28T10:55:22.000Z,16361.0,1032.0,184.0,300.0,173788.0,157427.0
fRFCXQ3HgdY,2017-11-25T21:44:40.000Z,176838.0,1069.0,111.0,416.0,298324.0,121486.0
ds3tvjwdmGM,2017-11-26T15:00:04.000Z,41944.0,665.0,73.0,72.0,74718.0,32774.0
npCluN5VHF0,2017-11-26T19:00:04.000Z,41869.0,2925.0,36.0,408.0,65124.0,23255.0
mUcUy7SqdS0,2017-11-26T01:18:45.000Z,79154.0,4936.0,45.0,550.0,158889.0,79735.0
VTVLcK2zybM,2017-11-25T18:00:04.000Z,797363.0,85899.0,450.0,12342.0,6523680.0,5726317.0
iLN0_ghe-Tc,2012-03-24T22:03:40.000Z,177098.0,637.0,26.0,72.0,195778.0,18680.0
BGk6_KEFtLE,2017-11-19T06:44:49.000Z,8924.0,48.0,2.0,3.0,10886.0,1962.0
7QLZXfVJmEY,2017-11-24T18:00:00.000Z,86721.0,3020.0,38.0,280.0,1138360.0,1051639.0
h2DY-VCtb54,2017-11-14T12:11:33.000Z,3797.0,17.0,3.0,7.0,7615.0,3818.0
MhneJpcGVD8,2017-11-24T16:43:25.000Z,25839.0,470.0,13.0,53.0,43945.0,18106.0
oWithLP0VlQ,2017-11-22T17:23:20.000Z,2152261.0,7824.0,158.0,324.0,8157451.0,6005190.0
6ZfuNTqbHE8,2017-11-29T13:26:24.000Z,91933007.0,2625661.0,53709.0,350458.0,209563113.0,117630106.0
nx1R-eHSkfM,2017-11-29T14:00:03.000Z,3511909.0,0.0,0.0,0.0,4183313.0,671404.0
evhLzq7Gsak,2017-11-29T14:42:32.000Z,1717225.0,10041.0,4266.0,9335.0,2543601.0,826376.0
My4RA5I0FKs,2017-11-28T21:05:56.000Z,10505035.0,238584.0,6316.0,13998.0,29722472.0,19217437.0
WeyLEe1T0yo,2017-11-29T12:30:01.000Z,1183611.0,30250.0,1863.0,3429.0,3140051.0,1956440.0
KXHrCBkIxQQ,2017-11-29T20:00:53.000Z,1257362.0,7969.0,1309.0,1280.0,5571756.0,4314394.0
7AXo-bYGXI4,2017-11-29T12:00:00.000Z,5966226.0,189276.0,2780.0,7166.0,30227785.0,24261559.0
REt-3P5h4Lo,2017-11-29T23:50:14.000Z,1780726.0,64944.0,2783.0,2647.0,3821924.0,2041198.0
v1OhsiZjpww,2017-11-29T11:32:16.000Z,899565.0,2435.0,887.0,9.0,1228506.0,328941.0
0nybdPCuvRI,2017-11-29T02:16:58.000Z,700096.0,3202.0,271.0,1279.0,903963.0,203867.0
BIPpvsf98wI,2017-11-29T10:00:00.000Z,138890.0,1393.0,46.0,120.0,1458536.0,1319646.0
ZfHiw_LFNGw,2017-11-29T00:35:32.000Z,5545698.0,23966.0,7807.0,3308.0,7384584.0,1838886.0
ggpoZyF2lU0,2017-11-29T15:35:01.000Z,711576.0,19309.0,522.0,616.0,1449420.0,737844.0
qEklBC2BQig,2017-11-29T18:31:44.000Z,100235.0,2992.0,30.0,299.0,154342.0,54107.0
F0rXPrnC_Ps,2017-11-29T14:00:03.000Z,102804.0,4635.0,82.0,355.0,3948521.0,3845717.0
xegUPsJaUKc,2017-11-29T18:00:05.000Z,113748.0,7451.0,109.0,435.0,129970.0,16222.0
LYX7CnSiBSM,2017-11-29T02:00:03.000Z,333820.0,14082.0,229.0,753.0,961027.0,627207.0
y7QjFRtt-sg,2017-11-29T19:49:56.000Z,275230.0,24095.0,135.0,1050.0,839310.0,564080.0
1vc1cKeor5A,2017-11-28T23:54:33.000Z,70177.0,3109.0,62.0,651.0,140556.0,70379.0
JDK3l9TmwAo,2017-11-29T06:34:31.000Z,307934.0,2673.0,1645.0,634.0,359056.0,51122.0
W8_T7MMywcs,2017-11-28T18:37:33.000Z,64214.0,1795.0,46.0,257.0,103997.0,39783.0
CXK3OiDgymo,2017-11-29T00:07:39.000Z,758192.0,26629.0,282.0,823.0,1189522.0,431330.0
IbVR4kzVQrk,2017-11-28T04:59:58.000Z,114696.0,731.0,130.0,162.0,168539.0,53843.0
EP5ExDvQ3p4,2017-11-28T18:23:34.000Z,76956.0,2269.0,108.0,736.0,83044.0,6088.0
L34y5NGMQBY,2017-11-29T20:00:04.000Z,11661.0,477.0,11.0,109.0,19766.0,8105.0
-v-_Z11T5L4,2017-11-29T08:57:21.000Z,83301.0,2636.0,65.0,167.0,358298.0,274997.0
XvHgyZYz2LY,2017-11-29T16:00:04.000Z,22302.0,930.0,19.0,66.0,288508.0,266206.0
_KEN-cxmGw8,2017-11-28T19:27:30.000Z,1108618.0,9984.0,1327.0,2639.0,2271449.0,1162831.0
piyds9slayg,2017-03-28T11:13:26.000Z,19976.0,174.0,4.0,8.0,102889.0,82913.0
o9zRQijCN5w,2017-11-29T05:08:34.000Z,736520.0,30170.0,393.0,1169.0,30085553.0,29349033.0
Em8C6AvD4sk,2017-11-28T17:00:29.000Z,54141.0,491.0,49.0,79.0,688584.0,634443.0
TNRrY8m71u4,2017-11-29T03:23:43.000Z,93451.0,3484.0,43.0,566.0,1171716.0,1078265.0
9QkNE2m4ZDM,2017-11-29T00:14:41.000Z,39210.0,452.0,17.0,71.0,49917.0,10707.0
FA_gIAGNDQ8,2017-11-29T00:00:00.000Z,65990.0,1265.0,55.0,293.0,381980.0,315990.0
d7E3F0Vt2rE,2017-11-29T14:00:02.000Z,11042.0,551.0,158.0,139.0,36988.0,25946.0
PcYo_bdCvTk,2017-11-28T19:07:09.000Z,52336.0,493.0,16.0,154.0,64809.0,12473.0
lD0etN63KCg,2017-11-28T19:00:01.000Z,7746.0,203.0,20.0,27.0,28790.0,21044.0
KWn4JmiM2pM,2017-11-28T14:52:38.000Z,4010.0,83.0,13.0,94.0,8963.0,4953.0
J0VUaYYK-zk,2017-11-27T18:22:09.000Z,50593.0,835.0,85.0,50.0,53718.0,3125.0
aLSG3178eD4,2017-11-28T13:00:35.000Z,2093.0,0.0,0.0,0.0,2873.0,780.0
hQlXLdZtX6s,2017-11-27T17:59:11.000Z,36110.0,1419.0,126.0,77.0,55999.0,19889.0
Upems4CB_ps,2011-11-20T22:45:45.000Z,127640.0,696.0,52.0,233.0,134984.0,7344.0
0devsSCkYRY,2017-11-27T14:39:25.000Z,1381.0,35.0,6.0,4.0,1482.0,101.0
6OSySP61QuA,2017-11-24T20:08:58.000Z,180711.0,1667.0,418.0,1082.0,284203.0,103492.0
Stbz2qg3ACc,2017-11-23T19:53:11.000Z,10525.0,226.0,18.0,119.0,49457.0,38932.0
XbuQAbG2AZ0,2017-11-30T14:30:00.000Z,868868.0,21005.0,988.0,2543.0,2082453.0,1213585.0
8z_cg5CypRc,2017-11-30T06:30:56.000Z,3074263.0,96530.0,1011.0,7415.0,10826918.0,7752655.0
TsT5GLWgSkU,2017-11-29T23:25:44.000Z,1008131.0,83790.0,2884.0,5274.0,1220443.0,212312.0
LU6xDgpnIyM,2017-11-29T20:00:02.000Z,4605055.0,496499.0,3622.0,81051.0,7421637.0,2816582.0
k_aT3jAK_QU,2017-11-30T08:35:00.000Z,372262.0,3332.0,286.0,355.0,636994.0,264732.0
aT1gOazMMm8,2017-11-30T11:00:00.000Z,842514.0,17356.0,308.0,2084.0,6013292.0,5170778.0
tuONqBMf3XA,2017-11-30T16:00:05.000Z,838549.0,24953.0,1469.0,4582.0,1710982.0,872433.0
SFr0fCgrTNQ,2017-11-29T23:30:00.000Z,1381758.0,88716.0,1282.0,9330.0,6222227.0,4840469.0
-9OfAHgdV8Y,2017-11-29T20:00:00.000Z,1371506.0,18997.0,1185.0,2861.0,1901774.0,530268.0
fLwKs5yslSU,2017-11-30T21:23:49.000Z,2089947.0,167197.0,1432.0,8576.0,4560368.0,2470421.0
pCfmsVFCPmY,2017-11-30T18:26:11.000Z,271180.0,21369.0,435.0,1123.0,510113.0,238933.0
rdJdJpwmcKU,2017-11-30T02:21:34.000Z,559294.0,20988.0,629.0,3018.0,676490.0,117196.0
sk-DFZh1G1w,2017-11-30T16:09:12.000Z,697581.0,41328.0,803.0,16325.0,1070078.0,372497.0
nMbUA7dghlk,2017-11-29T17:59:50.000Z,1705668.0,59681.0,1074.0,3775.0,2504933.0,799265.0
we2XODhx-CM,2017-11-30T14:00:07.000Z,264975.0,5214.0,217.0,308.0,837374.0,572399.0
Iay3Wu6wybA,2017-11-29T22:00:44.000Z,1960238.0,34202.0,2160.0,2638.0,3017718.0,1057480.0
h5XzGyjEkkc,2017-11-30T00:30:00.000Z,4623012.0,92059.0,2133.0,14031.0,17504534.0,12881522.0
sTvY9Llqtms,2017-11-30T16:00:03.000Z,1389924.0,50058.0,1125.0,3206.0,4235764.0,2845840.0
izwomieBwG0,2017-11-29T22:00:02.000Z,462063.0,19654.0,319.0,1722.0,1102158.0,640095.0
ZBXZojt6dpM,2017-11-30T14:00:04.000Z,185947.0,7169.0,227.0,440.0,329155.0,143208.0
Lwfhn_MiTTg,2017-11-30T02:59:20.000Z,487593.0,38961.0,285.0,2656.0,687050.0,199457.0
pWZnhJay0Y8,2017-11-29T18:53:21.000Z,136109.0,2479.0,573.0,1243.0,174617.0,38508.0
0vhxoVwqZkk,2017-11-30T01:52:27.000Z,633524.0,51353.0,265.0,2258.0,1525508.0,891984.0
kehML-RAkd4,2017-11-29T21:51:37.000Z,1790918.0,90425.0,768.0,9000.0,2869169.0,1078251.0
0xCggNCs2kU,2017-11-30T16:00:00.000Z,132580.0,3480.0,165.0,462.0,298856.0,166276.0
BLts9UN_K3g,2017-11-30T16:11:54.000Z,104480.0,4570.0,87.0,459.0,156692.0,52212.0
CV0J3Bq3BIc,2017-11-29T11:00:03.000Z,391639.0,7307.0,84.0,594.0,875701.0,484062.0
2BIx2x-Q2fE,2017-11-30T13:59:32.000Z,321277.0,16503.0,118.0,1164.0,469260.0,147983.0
aTvw9_dxBlk,2017-11-30T18:20:44.000Z,32307.0,161.0,18.0,171.0,33821.0,1514.0
0MyCrMrkMFo,2017-11-30T18:00:00.000Z,374012.0,17784.0,480.0,787.0,955250.0,581238.0
UAdJvXMIlXc,2017-11-30T03:32:16.000Z,317281.0,6580.0,221.0,542.0,1477864.0,1160583.0
Q9B45wXYpzc,2017-11-30T20:05:10.000Z,5019.0,46.0,1.0,64.0,5865.0,846.0
4qakFfGRV4E,2017-11-30T15:36:12.000Z,43012.0,754.0,87.0,123.0,67669.0,24657.0
4SvJgnhnUag,2017-11-30T16:37:38.000Z,20545.0,550.0,2.0,82.0,23911.0,3366.0
TPcV_3D3V2A,2017-11-30T16:00:33.000Z,1316254.0,1893.0,138.0,193.0,5211725.0,3895471.0
Zx7p_tmWlq0,2017-11-30T20:41:21.000Z,14276.0,72.0,36.0,0.0,14759.0,483.0
2nJ3U5dzvPs,2017-11-30T17:04:50.000Z,95486.0,2278.0,101.0,252.0,217676.0,122190.0
ri1m5j_yq8A,2017-11-29T17:17:32.000Z,243470.0,1665.0,59.0,297.0,443882.0,200412.0
sQi0Yu1ApyE,2017-11-29T15:00:06.000Z,958901.0,7873.0,362.0,687.0,3630934.0,2672033.0
6d6SmcYcP_U,2017-11-29T23:30:19.000Z,373594.0,3333.0,168.0,592.0,533674.0,160080.0
Ah7ldw_WmtE,2017-11-28T06:00:00.000Z,647516.0,33556.0,572.0,1472.0,872289.0,224773.0
dQLlS4l1UJk,2017-11-28T15:00:58.000Z,380031.0,17639.0,274.0,927.0,5273928.0,4893897.0
lRdsL1z7Ml4,2017-11-27T19:56:40.000Z,344534.0,4511.0,40.0,433.0,2872843.0,2528309.0
B450jhJ5vHg,2017-11-27T17:41:38.000Z,7952.0,126.0,8.0,9.0,25644.0,17692.0
rRhzbPW3gzw,2017-11-28T17:44:24.000Z,1952.0,14.0,1.0,2.0,4421.0,2469.0
Wfoy_OvNDvw,2017-11-28T20:41:30.000Z,45561.0,1847.0,56.0,12.0,437018.0,391457.0
dcZY7uG-mn4,2017-11-28T18:00:27.000Z,21416.0,660.0,13.0,38.0,39082.0,17666.0
lDyHwwSMRmM,2017-11-28T21:16:52.000Z,349743.0,38.0,2.0,3.0,356452.0,6709.0
WG8JK-cPu-g,2017-11-27T20:30:03.000Z,3597.0,59.0,8.0,13.0,12973.0,9376.0
SM1w9PEQOE8,2017-12-01T15:00:02.000Z,28860037.0,1251825.0,26134.0,77905.0,120187965.0,91327928.0
SA7AIQw-7Ms,2017-12-01T16:15:00.000Z,14860998.0,560637.0,8596.0,23365.0,261820086.0,246959088.0
4WnizmrnJlk,2017-12-01T02:00:01.000Z,2940750.0,27107.0,1324.0,3381.0,3466103.0,525353.0
gob0unzEdRw,2017-12-01T08:35:00.000Z,1778470.0,18940.0,7048.0,4306.0,3539503.0,1761033.0
8kFnLQySIzU,2017-12-01T05:02:33.000Z,856874.0,13695.0,1005.0,1791.0,1659962.0,803088.0
EKkzbbLYPuI,2017-12-01T16:01:15.000Z,4355869.0,184474.0,2412.0,7090.0,16302542.0,11946673.0
bMrRN99DYKU,2017-12-01T05:19:44.000Z,4423680.0,120441.0,4182.0,9122.0,7156406.0,2732726.0
817P8W8-mGE,2017-12-01T00:54:56.000Z,36101955.0,998395.0,22585.0,50709.0,182659548.0,146557593.0
0qpE8IHz3go,2017-11-30T22:00:00.000Z,1152361.0,34441.0,949.0,3048.0,2107758.0,955397.0
2HboMs0vbsE,2017-12-01T14:51:39.000Z,3747210.0,244559.0,5835.0,13636.0,8197674.0,4450464.0
Em9EI37Yy9g,2017-12-01T04:54:15.000Z,1240044.0,10335.0,683.0,2883.0,1649720.0,409676.0
e5N_Tq1EtRQ,2017-12-01T14:00:03.000Z,413615.0,6413.0,104.0,586.0,1042662.0,629047.0
tfaGleA4qYo,2017-11-30T21:17:17.000Z,1059355.0,7922.0,1626.0,1841.0,2685087.0,1625732.0
OZqsFkJpvj0,2017-12-01T14:00:02.000Z,1388010.0,31247.0,540.0,956.0,4997268.0,3609258.0
0KFC9dZ7bxU,2017-12-01T13:00:00.000Z,691515.0,11187.0,5868.0,3069.0,2213154.0,1521639.0
jLM2ibaRbrk,2017-12-01T06:18:28.000Z,4110136.0,293974.0,2835.0,24356.0,13478374.0,9368238.0
wSwewlSkIXU,2017-12-01T05:00:05.000Z,1023627.0,33521.0,918.0,2422.0,15791797.0,14768170.0
44W9qstI8H8,2017-12-01T16:45:59.000Z,568142.0,22210.0,601.0,1322.0,1266075.0,697933.0
sYorT6jRNDc,2017-11-30T16:58:26.000Z,322802.0,1013.0,847.0,995.0,347974.0,25172.0
fEskVQgtwaI,2017-12-01T18:00:06.000Z,3337072.0,8744.0,561.0,991.0,7514946.0,4177874.0
tNla9nyRMmQ,2017-11-30T13:12:13.000Z,709836.0,29399.0,2180.0,5118.0,2424531.0,1714695.0
o7iL2KzDh38,2017-12-01T05:01:33.000Z,6262956.0,266912.0,3486.0,13878.0,144554665.0,138291709.0
aA6Z0x4rX30,2017-12-01T08:30:32.000Z,251338.0,8844.0,223.0,1029.0,587318.0,335980.0
OrwBc6PwAcY,2017-12-01T07:00:03.000Z,849814.0,13150.0,154.0,797.0,1966818.0,1117004.0
osc1DbNpNXE,2017-12-01T05:00:03.000Z,271722.0,3642.0,178.0,162.0,1664552.0,1392830.0
9fe3ECuYWlI,2017-12-01T01:00:58.000Z,225107.0,5466.0,468.0,999.0,579806.0,354699.0
eep4_0JaaG8,2017-12-01T11:30:01.000Z,296476.0,8961.0,186.0,1466.0,693881.0,397405.0
7NcVNt7zQJM,2017-12-01T05:00:01.000Z,149801.0,5575.0,127.0,320.0,1261166.0,1111365.0
vOKOamXsXYE,2017-12-01T08:00:07.000Z,623149.0,32256.0,287.0,1677.0,3899664.0,3276515.0
cIriwVhRPVA,2017-11-30T16:00:02.000Z,619936.0,26119.0,567.0,1412.0,38064590.0,37444654.0
SYVSeH6sYYU,2017-12-01T00:05:20.000Z,76802.0,1837.0,38.0,85.0,321575.0,244773.0
UKKYt6fWob8,2017-12-01T12:59:15.000Z,6084.0,203.0,70.0,200.0,319506.0,313422.0
EA5Tn5Gw_8s,2017-12-01T16:00:01.000Z,25145.0,1367.0,10.0,135.0,244478.0,219333.0
jSh3FFKFH_g,2017-12-01T05:00:02.000Z,271277.0,23447.0,132.0,2590.0,1585183.0,1313906.0
VhexfxLPgTE,2017-11-30T07:30:00.000Z,395473.0,11929.0,139.0,1796.0,2093124.0,1697651.0
J2kNt-PHayo,2017-11-29T17:00:02.000Z,128997.0,4215.0,96.0,345.0,143751.0,14754.0
f2xPEy4PrmA,2017-11-29T18:09:02.000Z,41025.0,151.0,4.0,10.0,49907.0,8882.0
51tc6o12uqA,2017-11-29T13:00:01.000Z,162834.0,5691.0,29.0,680.0,1183407.0,1020573.0
oeAEuiovVbg,2017-11-28T20:30:42.000Z,1104595.0,21830.0,234.0,1287.0,8145637.0,7041042.0
gvZW4Lh-8Mc,2017-11-29T14:58:15.000Z,106731.0,190.0,8.0,32.0,202843.0,96112.0
mGAdg2lB6nQ,2017-11-29T18:11:47.000Z,131240.0,4082.0,1693.0,1099.0,749140.0,617900.0
be3BHwNi58A,2017-11-28T16:15:36.000Z,61931.0,477.0,133.0,362.0,86232.0,24301.0
eu6hJx1L9IU,2017-11-27T19:12:29.000Z,6320.0,90.0,8.0,15.0,12214.0,5894.0
oX4YCoO6tK4,2017-12-02T18:48:02.000Z,2392206.0,66588.0,6110.0,13576.0,4196058.0,1803852.0
DQQN_79QrDY,2017-12-02T18:00:00.000Z,2787618.0,25712.0,2135.0,2689.0,20961172.0,18173554.0
H9wMNxbQM-4,2017-12-03T05:46:28.000Z,2798497.0,33819.0,6632.0,6687.0,6050617.0,3252120.0
GhcqN2FDAnA,2017-12-02T15:05:47.000Z,443202.0,6943.0,3755.0,5547.0,461611.0,18409.0
8cpqLRC7T80,2017-12-02T19:00:01.000Z,631310.0,35839.0,508.0,2310.0,1946971.0,1315661.0
2iC9IGKIP50,2017-12-02T08:30:01.000Z,264632.0,4901.0,81.0,487.0,955700.0,691068.0
hBvcngHRTFg,2017-12-01T13:00:21.000Z,1666296.0,49224.0,859.0,2855.0,5214846.0,3548550.0
h8hMvvP_Bdo,2017-12-01T19:00:29.000Z,1122148.0,25825.0,559.0,961.0,2234506.0,1112358.0
QF031DwMffQ,2017-12-01T09:06:02.000Z,1516682.0,30827.0,1237.0,4451.0,2736372.0,1219690.0
Mqaobr6w6_I,2017-12-01T14:03:01.000Z,554069.0,20165.0,327.0,794.0,1359243.0,805174.0
chFKDaZns6w,2017-12-01T22:11:00.000Z,331575.0,24324.0,2678.0,7014.0,633255.0,301680.0
-py2awmME8s,2017-12-02T17:40:57.000Z,430232.0,15929.0,198.0,1128.0,1789973.0,1359741.0
beUCw1VH11U,2017-12-02T18:14:51.000Z,75279.0,3424.0,77.0,108.0,101949.0,26670.0
ElmsIGT85tI,2017-12-01T18:00:01.000Z,1904633.0,63609.0,1713.0,3806.0,7040416.0,5135783.0
B9127l-xpdE,2017-12-02T14:00:01.000Z,153186.0,1395.0,72.0,185.0,1332012.0,1178826.0
hms9nX3RUdk,2017-12-02T18:00:03.000Z,71715.0,4746.0,93.0,355.0,133433.0,61718.0
QUDYmBTrudU,2017-12-01T18:40:28.000Z,105681.0,8012.0,437.0,477.0,363571.0,257890.0
uUEdjGTIB9Y,2017-12-02T18:30:04.000Z,51141.0,2732.0,94.0,256.0,485395.0,434254.0
WXyLdg4mJxo,2017-12-01T08:00:02.000Z,2213820.0,100843.0,723.0,2889.0,120622659.0,118408839.0
Bju5Enu--80,2017-12-01T19:38:52.000Z,154250.0,15228.0,79.0,818.0,304211.0,149961.0
uLY6Nypmk1A,2017-12-01T05:01:44.000Z,132872.0,6937.0,246.0,789.0,862922.0,730050.0
lyavSkF30Rs,2017-11-29T19:00:02.000Z,57465.0,456.0,29.0,176.0,63977.0,6512.0
k9oMv0JzCn8,2017-11-29T23:23:09.000Z,37022.0,391.0,26.0,54.0,245183.0,208161.0
8bKKVuZA0ys,2017-11-30T16:00:00.000Z,27945.0,736.0,33.0,97.0,126380.0,98435.0
RxzZ_OXQApM,2017-11-28T20:10:12.000Z,3411.0,41.0,0.0,8.0,7397.0,3986.0
CVPp5FtQN8E,2017-11-30T00:54:50.000Z,2082.0,20.0,0.0,5.0,6137.0,4055.0
BGtsTNCMrQI,2017-11-25T19:26:31.000Z,1375.0,2.0,0.0,3.0,1921.0,546.0
p7E8g-Ity0k,2017-11-30T17:41:07.000Z,3912.0,67.0,11.0,3.0,4372.0,460.0
_9YMpuLDnwo,2017-12-03T08:30:00.000Z,54155921.0,378111.0,66632.0,24679.0,241095624.0,186939703.0
Z2Y8jGrkrDc,2017-12-03T14:48:37.000Z,489051.0,15348.0,1171.0,975.0,654628.0,165577.0
e77J4g0LMOk,2017-12-03T19:47:01.000Z,5275288.0,169795.0,3706.0,0.0,12327736.0,7052448.0
sW5HaEsnuMI,2017-12-03T19:01:09.000Z,1367551.0,28986.0,1530.0,2572.0,2166181.0,798630.0
bXYkU5u5pzg,2017-12-03T02:10:57.000Z,283313.0,1107.0,404.0,317.0,297071.0,13758.0
spuXN0ccRQ8,2017-12-03T15:00:03.000Z,901908.0,19154.0,1235.0,3593.0,1364174.0,462266.0
xejjA2AFO5I,2017-12-03T11:00:04.000Z,433758.0,5407.0,108.0,724.0,927862.0,494104.0
iMg9ibfcBnM,2017-12-03T14:00:06.000Z,197963.0,5260.0,1028.0,1171.0,258583.0,60620.0
sxxJug2Ob_A,2017-12-02T18:30:25.000Z,4184160.0,175935.0,13032.0,11482.0,14974728.0,10790568.0
AWtpYfjylCo,2017-12-02T16:00:55.000Z,346931.0,5995.0,818.0,630.0,940430.0,593499.0
Z48OG9917mg,2017-12-02T17:30:01.000Z,591389.0,21427.0,1079.0,1009.0,997357.0,405968.0
an6dsm86Kn4,2017-12-02T14:00:00.000Z,583281.0,15564.0,589.0,3938.0,2417996.0,1834715.0
gkvhlo4a5iQ,2017-12-02T15:30:01.000Z,685944.0,21871.0,632.0,2825.0,1343367.0,657423.0
oFBuCp19L7M,2017-12-02T08:30:00.000Z,1127924.0,18949.0,437.0,1648.0,3235079.0,2107155.0
EYLUUm9SLW0,2017-12-02T21:08:41.000Z,194294.0,8979.0,542.0,1090.0,352942.0,158648.0
-rZkKvRZ0UE,2017-12-02T20:01:53.000Z,159575.0,1767.0,76.0,225.0,184160.0,24585.0
MQSRmx9zS64,2017-12-02T19:21:13.000Z,79736.0,1631.0,105.0,224.0,107045.0,27309.0
olOdCkYIsrA,2017-12-02T22:00:05.000Z,218006.0,5864.0,208.0,1052.0,1274181.0,1056175.0
uFUHjJQIC_4,2017-12-02T19:00:02.000Z,232142.0,6604.0,127.0,500.0,1213721.0,981579.0
aSO1gltbg0o,2017-12-02T20:08:25.000Z,257584.0,1131.0,29.0,75.0,865103.0,607519.0
8IEvxQKzLyI,2017-12-03T18:00:00.000Z,67802.0,3852.0,90.0,334.0,106398.0,38596.0
PWrsHhAuVZg,2017-12-02T17:54:53.000Z,30469.0,1024.0,69.0,586.0,34171.0,3702.0
qaivW5joQrk,2017-12-01T13:33:16.000Z,229871.0,1678.0,271.0,0.0,317312.0,87441.0
SsmgtO1zAhg,2017-12-01T17:00:02.000Z,85372.0,2322.0,326.0,350.0,169317.0,83945.0
cNrfQm9yG5o,2017-11-30T10:36:01.000Z,41714.0,2096.0,40.0,450.0,141401.0,99687.0
wG7byaLSmFU,2017-11-30T14:00:06.000Z,256786.0,10439.0,108.0,1692.0,622393.0,365607.0
-gfGtIHfU7A,2017-11-30T15:30:00.000Z,277330.0,8878.0,239.0,527.0,693460.0,416130.0
1I0cUTXwr-k,2017-11-30T18:57:19.000Z,103478.0,4689.0,385.0,1041.0,337168.0,233690.0
GxLYCKB8v2w,2017-12-01T05:00:00.000Z,21513.0,770.0,4.0,63.0,338107.0,316594.0
GDUncuEErzQ,2012-12-10T17:48:48.000Z,7753.0,29.0,3.0,3.0,8981.0,1228.0
J3IbiFCR-Xs,2017-11-30T01:29:36.000Z,89311.0,599.0,26.0,52.0,99270.0,9959.0
5MtBgDVPtx0,2017-11-28T16:36:59.000Z,1300011.0,94279.0,1006.0,6958.0,7832767.0,6532756.0
Tn5OBFgiExQ,2012-01-02T23:42:16.000Z,52164.0,218.0,8.0,31.0,60345.0,8181.0
JdrdNQfZoqs,2017-11-23T16:11:09.000Z,4767.0,90.0,1.0,4.0,6271.0,1504.0
SxAp27sFaIM,2017-12-04T22:42:37.000Z,10403477.0,261095.0,15386.0,33906.0,54619994.0,44216517.0
266EI7hdjFs,2017-12-04T00:41:00.000Z,7080039.0,63371.0,5261.0,10668.0,8392277.0,1312238.0
c3BTGJgd8Wo,2017-12-04T13:31:15.000Z,758052.0,8174.0,831.0,3337.0,1043426.0,285374.0
me5ifeBFaFo,2017-12-04T19:22:01.000Z,5952094.0,96880.0,4179.0,8159.0,10406474.0,4454380.0
-C5q3oir8gA,2017-12-04T11:00:00.000Z,834586.0,17702.0,917.0,1680.0,1475848.0,641262.0
X6iJ0hPpGec,2017-12-04T12:00:03.000Z,1332449.0,49673.0,648.0,5017.0,4361967.0,3029518.0
xl3HhY2BTuU,2017-12-04T04:55:56.000Z,1270477.0,12058.0,620.0,6865.0,2212858.0,942381.0
sjN-NGsRg9g,2017-12-04T15:00:48.000Z,2302545.0,129661.0,932.0,8213.0,17445161.0,15142616.0
1l26UFQ06eQ,2017-12-03T05:52:22.000Z,4440269.0,57183.0,8779.0,13342.0,9009629.0,4569360.0
w4lcP5ZA4wg,2017-12-04T01:00:02.000Z,1240566.0,31501.0,435.0,3433.0,3341087.0,2100521.0
92HCNclQOYo,2017-12-04T11:36:31.000Z,366408.0,8569.0,242.0,434.0,453288.0,86880.0
a-4_6bThk2E,2017-12-04T14:09:43.000Z,666861.0,16006.0,916.0,3686.0,893796.0,226935.0
hRAGY4BaFQs,2017-12-04T20:02:25.000Z,198195.0,636.0,1339.0,409.0,208590.0,10395.0
48qcnpCWBq0,2017-12-04T11:00:01.000Z,2286134.0,153706.0,1358.0,9905.0,18524711.0,16238577.0
6wHVgiM0R54,2017-12-04T14:00:00.000Z,315694.0,13689.0,218.0,2778.0,601420.0,285726.0
YF6xzqOfCD8,2017-12-04T16:00:02.000Z,251174.0,16962.0,76.0,634.0,347552.0,96378.0
JR4oPuV3CWg,2017-12-03T17:00:01.000Z,239226.0,6932.0,341.0,454.0,427803.0,188577.0
JgByDCdtNE8,2017-12-04T15:15:08.000Z,174569.0,5616.0,74.0,497.0,2082025.0,1907456.0
l5S5DM564O8,2017-12-04T18:32:36.000Z,36929.0,0.0,0.0,0.0,44599.0,7670.0
bJNnsAmNoUc,2017-12-04T16:01:27.000Z,104674.0,1789.0,157.0,127.0,188297.0,83623.0
3SlG3sE8Ytg,2017-12-03T00:27:30.000Z,1027805.0,47164.0,490.0,5746.0,1363698.0,335893.0
X212iTIMfYU,2017-12-04T16:00:05.000Z,16080.0,436.0,18.0,66.0,38153.0,22073.0
76-ui4F8DJ0,2017-12-03T23:58:50.000Z,73344.0,2049.0,234.0,2147.0,88974.0,15630.0
6SevTnFTdpA,2017-12-03T05:35:07.000Z,88857.0,418.0,60.0,400.0,139278.0,50421.0
A34O0pCAQ60,2017-12-03T20:27:49.000Z,47614.0,358.0,30.0,457.0,72212.0,24598.0
OdpHOc7vqHA,2017-12-02T15:21:01.000Z,3336924.0,117732.0,1654.0,12125.0,8067938.0,4731014.0
0doVNhCyoA4,2017-12-02T22:29:20.000Z,22186.0,168.0,22.0,0.0,23093.0,907.0
DgOUdtUlL24,2017-12-01T19:00:00.000Z,3842533.0,169168.0,914.0,4749.0,8477406.0,4634873.0
UpGPcHrVUZI,2015-09-03T06:01:12.000Z,4842.0,23.0,1.0,6.0,6450.0,1608.0
eV6yLbWCMDU,2017-11-30T22:37:34.000Z,1375345.0,27619.0,810.0,1029.0,2313408.0,938063.0
HVjlcUtuENM,2017-11-29T00:53:50.000Z,778338.0,18343.0,22369.0,4488.0,1623906.0,845568.0
a33EuuqAP9U,2017-11-29T20:00:01.000Z,150229.0,3529.0,271.0,574.0,1170229.0,1020000.0
q_yzyuYDhVw,2017-12-01T05:00:02.000Z,122462.0,6794.0,114.0,330.0,621150.0,498688.0
pKkZjjhPCQM,2017-12-05T16:58:28.000Z,2626520.0,69894.0,4546.0,11647.0,7309123.0,4682603.0
a_iMlwkzwow,2017-12-05T15:03:53.000Z,740043.0,32585.0,1043.0,4009.0,1797682.0,1057639.0
dDAlGl_8f9U,2017-12-05T18:01:42.000Z,1225593.0,28014.0,861.0,3978.0,1590925.0,365332.0
-RmUADCWI4A,2017-12-04T22:57:07.000Z,14107720.0,356297.0,7889.0,27012.0,40551021.0,26443301.0
YvcIeSfaB3c,2017-12-05T08:35:01.000Z,990016.0,14361.0,2239.0,4567.0,2104154.0,1114138.0
qgTtyfgzGc0,2017-12-05T14:30:43.000Z,239087.0,4299.0,178.0,990.0,817764.0,578677.0
z1FfOwjlqxU,2017-12-05T05:37:07.000Z,1376133.0,8879.0,1198.0,3040.0,1506832.0,130699.0
KjICBHj1EzM,2017-12-05T10:00:01.000Z,1365999.0,26821.0,423.0,1908.0,12454994.0,11088995.0
k8RSetlPF04,2017-12-05T18:00:03.000Z,779056.0,37777.0,2370.0,5540.0,1870930.0,1091874.0
BOZngVYS04s,2017-12-05T01:09:16.000Z,1199560.0,62338.0,474.0,27594.0,1685695.0,486135.0
mrORbZ2dS08,2017-12-05T15:00:05.000Z,556347.0,19458.0,865.0,2395.0,3144237.0,2587890.0
dd3XfA4NVcQ,2017-12-05T05:05:49.000Z,1188002.0,3007.0,324.0,1621.0,1659836.0,471834.0
v_CMMWCN5nQ,2017-12-05T20:00:04.000Z,345180.0,17904.0,363.0,530.0,554878.0,209698.0
AtbyHpFeVDI,2017-12-05T14:00:00.000Z,295841.0,5240.0,113.0,265.0,1710002.0,1414161.0
bqbWMgkvedI,2017-12-05T15:30:02.000Z,303174.0,9607.0,245.0,170.0,381213.0,78039.0
0ZAA9Y4F37I,2017-12-05T16:12:12.000Z,52395.0,288.0,477.0,319.0,53454.0,1059.0
mNj27CgDAhQ,2017-12-05T02:44:05.000Z,456543.0,8810.0,422.0,1291.0,753191.0,296648.0
U0Az4NHlzfc,2017-12-05T18:00:01.000Z,363681.0,8601.0,687.0,829.0,18078557.0,17714876.0
R8WBN3fJmwM,2017-12-05T02:19:56.000Z,2046312.0,55218.0,1503.0,19222.0,3974427.0,1928115.0
blgS56pESPk,2017-12-05T04:20:22.000Z,2027943.0,68298.0,869.0,11648.0,2618836.0,590893.0
BC19fhyTG_M,2017-12-05T19:00:02.000Z,6217292.0,635452.0,10339.0,79385.0,19878297.0,13661005.0
mIxlvVlOIS0,2017-12-05T13:14:20.000Z,1352763.0,75000.0,955.0,5808.0,28872368.0,27519605.0
84hXRY0uwQ0,2017-12-05T17:00:00.000Z,207902.0,2939.0,96.0,285.0,542837.0,334935.0
2v34qDKvLqM,2017-12-05T11:00:00.000Z,110339.0,1351.0,41.0,133.0,889633.0,779294.0
0v-6AylRH68,2017-12-05T09:00:09.000Z,4029821.0,138170.0,8311.0,10809.0,4752351.0,722530.0
xi8u9DcC0_Q,2017-12-04T17:00:06.000Z,356481.0,13367.0,476.0,2363.0,945686.0,589205.0
u5Jw7D-c3II,2017-12-05T14:00:49.000Z,149873.0,3374.0,85.0,201.0,307177.0,157304.0
OImHUNVLlco,2017-12-05T12:46:57.000Z,11744.0,129.0,92.0,212.0,12819.0,1075.0
Gw-Mm-hS_UY,2017-12-04T21:29:27.000Z,1366939.0,106340.0,829.0,9831.0,2214370.0,847431.0
Cfn25A6krNg,2017-12-05T01:00:00.000Z,28378.0,211.0,463.0,633.0,36176.0,7798.0
kJ18whKduFo,2017-12-04T22:13:37.000Z,48033.0,1732.0,145.0,227.0,78737.0,30704.0
oxSlLYC_Exw,2017-12-05T00:12:52.000Z,128551.0,2328.0,34.0,50.0,339521.0,210970.0
VPJ7BcVsOUU,2017-12-05T03:00:01.000Z,38169.0,2597.0,24.0,144.0,52642.0,14473.0
Sl-NvOZ23m8,2017-12-05T00:53:00.000Z,149879.0,19909.0,127.0,1315.0,223370.0,73491.0
TzQe4sqjZT8,2017-12-05T17:41:48.000Z,97726.0,799.0,66.0,90.0,230531.0,132805.0
hKqzBGE5w-0,2017-12-04T04:38:50.000Z,75312.0,1585.0,152.0,105.0,89108.0,13796.0
AW9M7Cmzjj8,2017-12-04T20:00:00.000Z,99432.0,3364.0,63.0,417.0,148345.0,48913.0
CRnCh-Y-kwM,2017-12-05T12:02:40.000Z,16210.0,75.0,10.0,0.0,17867.0,1657.0
YF8415hDtEg,2017-12-04T22:03:29.000Z,66876.0,534.0,45.0,281.0,81883.0,15007.0
Qh06wlg9RmU,2017-12-05T15:00:01.000Z,72200.0,3694.0,27.0,136.0,369575.0,297375.0
q6xkWA0Qi98,2017-12-03T17:48:44.000Z,159248.0,21842.0,168.0,829.0,368108.0,208860.0
J7BVU65c8AQ,2017-12-03T15:59:27.000Z,62415.0,3622.0,70.0,825.0,256295.0,193880.0
SiDhj1Vq-uQ,2017-12-03T19:49:39.000Z,82160.0,548.0,36.0,141.0,89572.0,7412.0
